Date,TripPast24Hrs,MilesTraveledToday,TotalAnnualMembership,24HrPassPurchased,3DayPassPurchased
5/27/2013,9767,21.533,17216.0,0.0,0.0
5/28/2013,5215,8.78,19816.0,0.0,0.0
5/29/2013,10981,21.898000000000003,21986.0,0.0,0.0
5/30/2013,9850,20.320999999999998,23985.0,0.0,0.0
5/31/2013,9253,20.243,25615.0,0.0,0.0
6/1/2013,9852,26.346999999999998,26756.0,0.0,0.0
6/2/2013,17590,52.143,28253.0,4723.0,289.0
6/3/2013,8599,18.907,29616.0,1160.0,221.0
6/4/2013,17589,48.666000000000004,31095.0,2922.0,394.0
6/5/2013,17433,44.917,32620.0,2821.0,279.0
6/6/2013,13732,30.987,33954.0,1872.0,210.0
6/7/2013,1393,2.065,34449.0,66.0,11.0
6/8/2013,19899,54.665,35233.0,5013.0,230.0
6/9/2013,23236,71.604,36295.0,5772.0,275.0
6/10/2013,4504,10.138,37086.0,290.0,82.0
6/11/2013,14638,34.63,37894.0,1836.0,273.0
6/12/2013,18960,45.714,38805.0,2767.0,316.0
6/13/2013,8782,15.075,39442.0,701.0,119.0
6/14/2013,16423,33.98,40078.0,2268.0,211.0
6/15/2013,27276,72.792,40702.0,6107.0,319.0
6/16/2013,23610,59.573,41541.0,4413.0,314.0
6/17/2013,21278,43.897,42564.0,2378.0,530.0
6/18/2013,14826,27.67,43394.0,1236.0,277.0
6/19/2013,26267,54.405,44223.0,2678.0,607.0
6/20/2013,28994,59.935,45024.0,2814.0,421.0
6/21/2013,30660,64.872,45815.0,3465.0,408.0
6/22/2013,31885,80.433,46448.0,5902.0,383.0
6/23/2013,30653,76.45,47203.0,4959.0,279.0
6/24/2013,26636,50.663999999999994,48135.0,1844.0,386.0
6/25/2013,30426,56.075,48915.0,1937.0,343.0
6/26/2013,32322,59.663000000000004,49665.0,2000.0,301.0
6/27/2013,28094,55.26,50355.0,1680.0,223.0
6/28/2013,30595,58.037,51029.0,2268.0,291.0
6/29/2013,32947,77.226,51505.0,4895.0,296.0
6/30/2013,27285,61.052,52125.0,3592.0,178.0
7/1/2013,20151,36.168,52722.0,846.0,167.0
7/2/2013,26682,48.733000000000004,53310.0,1435.0,219.0
7/3/2013,25509,46.016000000000005,53748.0,1419.0,189.0
7/4/2013,26004,63.674,54073.0,4219.0,257.0
7/5/2013,25541,53.419,54507.0,2803.0,215.0
7/6/2013,23697,53.761,54843.0,3178.0,172.0
7/7/2013,23688,50.63399999999999,55284.0,2703.0,186.0
7/8/2013,26063,49.831,55971.0,1453.0,321.0
7/9/2013,30929,55.498999999999995,56610.0,1379.0,287.0
7/10/2013,30705,55.948,57194.0,1435.0,223.0
7/11/2013,29689,56.393,57725.0,1478.0,196.0
7/12/2013,22817,39.97,58133.0,1096.0,118.0
7/13/2013,30132,64.833,58495.0,3285.0,213.0
7/14/2013,33545,75.02,58954.0,3681.0,224.0
7/15/2013,32565,57.755,59593.0,1382.0,273.0
7/16/2013,34757,61.856,60129.0,1288.0,251.0
7/17/2013,35172,60.698,60619.0,1303.0,201.0
7/18/2013,33222,56.228,61008.0,1094.0,143.0
7/19/2013,30667,52.784,61366.0,1389.0,164.0
7/20/2013,29145,58.799,61652.0,2811.0,169.0
7/21/2013,34694,76.31,62074.0,3502.0,191.0
7/22/2013,29787,50.145,62577.0,1005.0,184.0
7/23/2013,37296,65.911,63026.0,1390.0,220.0
7/24/2013,40699,74.469,63466.0,1708.0,211.0
7/25/2013,36207,62.188,63822.0,1163.0,144.0
7/26/2013,39499,72.71,64182.0,2073.0,176.0
7/27/2013,37131,82.27,64495.0,4259.0,197.0
7/28/2013,26780,53.562,64884.0,2391.0,137.0
7/29/2013,40018,73.425,65381.0,1712.0,275.0
7/30/2013,42982,77.917,65855.0,1701.0,237.0
7/31/2013,42745,76.982,66310.0,1692.0,186.0
8/1/2013,23025,34.794000000000004,66644.0,415.0,73.0
8/2/2013,40654,75.39,67027.0,2302.0,230.0
8/3/2013,34173,73.3,67293.0,3417.0,180.0
8/4/2013,40103,93.191,67685.0,4547.0,261.0
8/5/2013,41759,78.764,68242.0,1924.0,276.0
8/6/2013,42974,79.262,68744.0,1778.0,222.0
8/7/2013,39120,66.709,69137.0,1261.0,183.0
8/8/2013,32063,51.665,69436.0,946.0,137.0
8/9/2013,32926,54.952,69722.0,1269.0,134.0
8/10/2013,43368,103.744,69996.0,5567.0,223.0
8/11/2013,37161,83.00399999999999,70368.0,3826.0,234.0
8/12/2013,35646,62.896,70799.0,1314.0,257.0
8/13/2013,25569,44.373999999999995,71121.0,787.0,111.0
8/14/2013,43437,78.48100000000001,71481.0,1727.0,219.0
8/15/2013,42922,76.29899999999999,71862.0,1733.0,179.0
8/16/2013,41251,77.044,72207.0,2085.0,170.0
8/17/2013,44284,104.29,72471.0,5729.0,217.0
8/18/2013,31512,62.738,72846.0,2524.0,160.0
8/19/2013,37922,65.704,73299.0,1395.0,236.0
8/20/2013,41155,72.697,73703.0,1491.0,233.0
8/21/2013,41718,73.19800000000001,74080.0,1365.0,176.0
8/22/2013,30747,51.255,74400.0,787.0,128.0
8/23/2013,38716,72.175,74713.0,1965.0,157.0
8/24/2013,38049,81.05199999999999,75012.0,3933.0,194.0
8/25/2013,36641,80.733,75372.0,3626.0,199.0
8/26/2013,34812,61.473,75756.0,1098.0,190.0
8/27/2013,39258,67.086,76123.0,1222.0,188.0
8/28/2013,32262,53.456,76402.0,765.0,102.0
8/29/2013,38626,65.917,76669.0,1363.0,141.0
8/30/2013,36870,67.249,76922.0,1872.0,165.0
8/31/2013,28547,60.049,77133.0,3064.0,174.0
9/1/2013,28330,61.096000000000004,77331.0,3273.0,148.0
9/2/2013,24094,46.06,77609.0,1829.0,121.0
9/3/2013,36963,62.806999999999995,77997.0,1015.0,157.0
9/4/2013,42085,73.70100000000001,78388.0,1263.0,176.0
9/5/2013,40817,70.544,78726.0,1354.0,185.0
9/6/2013,40930,72.124,79010.0,1556.0,155.0
9/7/2013,38950,80.08,79273.0,3600.0,200.0
9/8/2013,37536,76.32600000000001,79649.0,3025.0,182.0
9/9/2013,40539,70.71300000000001,80049.0,1060.0,203.0
9/10/2013,42038,71.115,80350.0,986.0,182.0
9/11/2013,40533,67.437,80645.0,1046.0,147.0
9/12/2013,35065,56.446999999999996,80910.0,756.0,126.0
9/13/2013,41200,70.84899999999999,81164.0,1375.0,145.0
9/14/2013,35363,69.18,81370.0,3035.0,153.0
9/15/2013,35843,72.551,81650.0,3010.0,167.0
9/16/2013,35106,56.195,81970.0,781.0,149.0
9/17/2013,43117,70.847,82207.0,971.0,170.0
9/18/2013,42936,71.355,82480.0,1078.0,152.0
9/19/2013,43920,73.65899999999999,82735.0,1209.0,154.0
9/20/2013,43895,75.094,82959.0,1631.0,156.0
9/21/2013,35348,70.321,83161.0,3096.0,132.0
9/22/2013,33105,64.758,83412.0,2479.0,136.0
9/23/2013,38963,64.157,83689.0,1006.0,171.0
9/24/2013,42954,70.402,83922.0,1158.0,153.0
9/25/2013,42639,70.5,84130.0,966.0,133.0
9/26/2013,42247,68.646,84305.0,973.0,117.0
9/27/2013,41368,68.977,84519.0,1321.0,137.0
9/28/2013,38939,78.4,84712.0,3452.0,126.0
9/29/2013,36040,70.652,84913.0,2718.0,161.0
9/30/2013,41079,67.168,85236.0,1023.0,140.0
10/1/2013,44772,73.665,85494.0,,
10/2/2013,45667,76.149,85773.0,,
10/3/2013,44472,72.635,86333.0,,
10/4/2013,44089,74.223,87112.0,,
10/5/2013,37683,73.892,87862.0,,
10/6/2013,29029,49.887,88604.0,,
10/7/2013,27504,40.324,89189.0,,
10/8/2013,42200,69.116,89521.0,,
10/9/2013,40607,62.214,89769.0,,
10/10/2013,34107,49.732,89951.0,,
10/11/2013,36381,56.497,90121.0,,
10/12/2013,35480,69.84100000000001,90301.0,,
10/13/2013,31501,59.556000000000004,90522.0,,
10/14/2013,36186,60.261,90770.0,,
10/15/2013,41459,66.625,90977.0,,
10/16/2013,40644,64.115,91171.0,,
10/17/2013,40363,63.927,91343.0,,
10/18/2013,41775,69.165,91551.0,,
10/19/2013,32469,59.523,91659.0,,
10/20/2013,32016,60.67,91815.0,,
10/21/2013,38348,62.216,92029.0,,
10/22/2013,39741,60.424,92213.0,,
10/23/2013,35358,50.318999999999996,92324.0,,
10/24/2013,35238,50.61,92410.0,,
10/25/2013,33711,50.108999999999995,92505.0,,
10/26/2013,26653,45.372,92598.0,,
10/27/2013,25980,44.415,92698.0,,
10/28/2013,34298,52.643,92844.0,,
10/29/2013,36280,53.765,92944.0,,
10/30/2013,37817,54.94,93035.0,,
10/31/2013,33991,51.283,93137.0,,
11/1/2013,33193,52.035,93221.0,,
11/2/2013,33688,64.833,93320.0,,
11/3/2013,22414,34.853,93424.0,,
11/4/2013,29474,42.802,93495.0,,
11/5/2013,34179,49.677,93598.0,,
11/6/2013,37785,58.125,93706.0,,
11/7/2013,27849,38.518,93804.0,,
11/8/2013,31032,45.872,93859.0,,
11/9/2013,23522,39.116,93918.0,,
11/10/2013,21270,33.486,93969.0,,
11/11/2013,29544,43.019,94061.0,,
11/12/2013,21505,27.48,94127.0,,
11/13/2013,25504,33.933,94189.0,,
11/14/2013,29194,40.663000000000004,94250.0,,
11/15/2013,31526,47.207,94305.0,,
11/16/2013,27208,48.1,94361.0,,
11/17/2013,19397,29.366,94425.0,,
11/18/2013,33718,52.401,94533.0,,
11/19/2013,29633,40.023,94593.0,,
11/20/2013,28286,37.925,94652.0,,
11/21/2013,31089,43.428000000000004,94697.0,,
11/22/2013,27503,38.76,94739.0,,
11/23/2013,20396,31.638,94768.0,,
11/24/2013,10069,12.248,94808.0,,
11/25/2013,20649,26.561999999999998,94843.0,,
11/26/2013,16206,20.283,94873.0,,
11/27/2013,8615,10.329,94897.0,,
11/28/2013,5668,8.377,94912.0,,
11/29/2013,10967,15.405999999999999,94928.0,,
11/30/2013,10605,15.508,94955.0,,
12/1/2013,14322,21.121,94997.0,,
12/2/2013,26522,37.728,95071.0,,
12/3/2013,29766,42.165,95140.0,,
12/4/2013,30472,43.92,95197.0,,
12/5/2013,29222,41.99,95250.0,,
12/6/2013,11626,14.674000000000001,95296.0,,
12/7/2013,16868,24.381,95334.0,,
12/8/2013,10892,14.17,95354.0,,
12/9/2013,16192,20.537,95401.0,,
12/10/2013,13947,17.766,95418.0,,
12/11/2013,20369,25.839000000000002,95444.0,,
12/12/2013,18552,23.241999999999997,95479.0,,
12/13/2013,19381,25.662,95507.0,,
12/14/2013,3983,5.072,95516.0,,
12/15/2013,8127,10.192,95535.0,,
12/16/2013,16842,21.353,95568.0,,
12/17/2013,8552,11.009,95596.0,,
12/18/2013,16246,21.250999999999998,95628.0,,
12/19/2013,20309,26.954,95662.0,,
12/20/2013,23849,33.51,95687.0,,
12/21/2013,19362,32.36,95723.0,,
12/22/2013,16338,26.291,95765.0,,
12/23/2013,7516,9.407,95793.0,,
12/24/2013,11971,15.562999999999999,95823.0,,
12/25/2013,3523,5.457999999999999,95869.0,,
12/26/2013,10570,13.556,95920.0,,
12/27/2013,12649,17.629,95969.0,,
12/28/2013,12867,21.988000000000003,96005.0,,
12/29/2013,4070,4.986000000000001,96032.0,,
12/30/2013,14222,19.982,96084.0,,
12/31/2013,11349,14.856,96125.0,,
1/1/2014,6559,9.254,95971.0,268,10
1/2/2014,9334,11.735999999999999,96000.0,66,3
1/3/2014,1288,1.855,96042.0,1,1
1/4/2014,2494,3.7060000000000004,96065.0,14,1
1/5/2014,2937,3.72,96084.0,17,4
1/6/2014,10481,13.015999999999998,96102.0,30,7
1/7/2014,7144,8.2,96124.0,5,4
1/8/2014,10162,11.767999999999999,96152.0,28,4
1/9/2014,14571,18.401,96171.0,74,10
1/10/2014,10685,13.433,96189.0,49,5
1/11/2014,8333,10.735,96225.0,101,16
1/12/2014,13549,19.141,96247.0,350,22
1/13/2014,22377,30.829,96276.0,224,31
1/14/2014,10849,13.270999999999999,96348.0,45,4
1/15/2014,23500,32.303000000000004,96391.0,241,30
1/16/2014,21528,28.807,96453.0,208,37
1/17/2014,21840,30.773000000000003,96509.0,282,34
1/18/2014,10222,14.595999999999998,96576.0,176,15
1/19/2014,9768,13.591,96616.0,194,13
1/20/2014,14581,20.102999999999998,96654.0,133,11
1/21/2014,4171,5.428999999999999,96701.0,5,1
1/22/2014,2762,4.061,96733.0,4,3
1/23/2014,5743,8.336,96741.0,9,1
1/24/2014,6901,9.375,96757.0,15,6
1/25/2014,4716,6.004,96770.0,34,0
1/26/2014,5462,6.691,96784.0,37,6
1/27/2014,14304,18.127,96804.0,55,18
1/28/2014,11066,13.722000000000001,96830.0,18,7
1/29/2014,10838,13.394,96852.0,21,6
1/30/2014,13198,16.914,96885.0,42,7
1/31/2014,15886,21.541,96912.0,130,10
2/1/2014,13797,20.706999999999997,96935.0,349,29
2/2/2014,15009,22.915,96958.0,449,10
2/3/2014,2839,3.635,96998.0,4,2
2/4/2014,9551,12.708,97025.0,37,2
2/5/2014,3076,4.603,97046.0,8,1
2/6/2014,8227,12.640999999999998,97061.0,25,9
2/7/2014,9473,14.206,97082.0,36,5
2/8/2014,6640,9.562999999999999,97094.0,71,1
2/9/2014,5527,7.806,97109.0,47,6
2/10/2014,7643,10.867,97128.0,16,3
2/11/2014,9258,12.57,97154.0,22,4
2/12/2014,9531,12.690999999999999,97174.0,24,3
2/13/2014,978,1.725,97184.0,3,1
2/14/2014,4029,6.586,97191.0,16,8
2/15/2014,2512,3.8339999999999996,97205.0,23,2
2/16/2014,3362,5.063,97221.0,34,2
2/17/2014,5433,8.226,97233.0,40,10
2/18/2014,5727,8.392999999999999,97243.0,19,2
2/19/2014,9485,14.085999999999999,97262.0,45,6
2/20/2014,12971,18.707,97280.0,103,11
2/21/2014,9545,12.423,97307.0,59,8
2/22/2014,14261,25.945,97341.0,730,31
2/23/2014,14567,25.298000000000002,97379.0,666,35
2/24/2014,14119,19.238,97435.0,79,10
2/25/2014,14003,17.699,97511.0,50,14
2/26/2014,12168,15.039000000000001,97556.0,35,7
2/27/2014,13138,16.042,97584.0,54,10
2/28/2014,10483,13.017000000000001,97612.0,46,12
3/1/2014,9944,14.364,97650.0,255,11
3/2/2014,9017,12.288,97687.0,196,12
3/3/2014,8618,12.02,97727.0,44,3
3/4/2014,11494,14.472999999999999,97768.0,36,11
3/5/2014,14934,19.147000000000002,97807.0,90,13
3/6/2014,13758,17.12,97869.0,50,7
3/7/2014,14736,19.809,97907.0,108,10
3/8/2014,18119,34.814,97970.0,1211,46
3/9/2014,13300,20.468,98052.0,496,32
3/10/2014,18844,25.776999999999997,98146.0,206,30
3/11/2014,26436,41.688,98261.0,574,66
3/12/2014,16273,21.803,98448.0,153,21
3/13/2014,12164,15.663,98572.0,55,7
3/14/2014,17745,23.539,98639.0,209,14
3/15/2014,19664,35.302,98716.0,1316,54
3/16/2014,10740,16.054000000000002,98827.0,274,31
3/17/2014,13681,17.722,98904.0,106,19
3/18/2014,18046,24.985,98995.0,181,30
3/19/2014,14387,19.079,99082.0,87,19
3/20/2014,21299,31.018,99160.0,292,36
3/21/2014,22266,33.189,99280.0,386,26
3/22/2014,21671,42.206,99429.0,1525,55
3/23/2014,12846,19.105,99563.0,451,19
3/24/2014,14729,18.838,99678.0,105,20
3/25/2014,17388,22.135,99762.0,108,19
3/26/2014,15538,19.368,99841.0,91,16
3/27/2014,18166,25.302,99913.0,164,17
3/28/2014,20025,29.858,99991.0,255,29
3/29/2014,4870,6.546,100072.0,142,0
3/30/2014,8645,13.365,100127.0,209,15
3/31/2014,18686,26.78,100220.0,276,47
4/1/2014,26163,40.978,,475,67
4/2/2014,24299,35.54,,237,33
4/3/2014,28379,44.648999999999994,,596,63
4/4/2014,13593,17.644000000000002,,103,10
4/5/2014,20333,36.797,,1221,42
4/6/2014,22643,45.575,,1641,62
4/7/2014,15869,21.9,,159,36
4/8/2014,23636,34.85,,369,44
4/9/2014,29194,45.619,,447,57
4/10/2014,29722,46.023,,525,65
4/11/2014,29283,49.269,,632,83
4/12/2014,29773,63.648999999999994,,2710,89
4/13/2014,29521,65.74600000000001,,2411,109
4/14/2014,31732,57.306999999999995,,993,114
4/15/2014,11370,14.639000000000001,,73,19
4/16/2014,21713,31.427,,279,50
4/17/2014,24190,36.641999999999996,,470,53
4/18/2014,22409,33.846,,628,60
4/19/2014,26541,59.461000000000006,,2666,99
4/20/2014,20122,40.814,,1639,84
4/21/2014,29618,50.57,,839,105
4/22/2014,29580,45.813,,560,58
4/23/2014,29341,44.266000000000005,,358,68
4/24/2014,30515,48.32899999999999,,646,95
4/25/2014,30299,49.915,,767,56
4/26/2014,21785,42.75899999999999,,1720,57
4/27/2014,24093,46.188,,1616,84
4/28/2014,31279,51.168,,744,94
4/29/2014,20003,26.84,,160,24
4/30/2014,3093,3.572,,15,0
5/1/2014,29448,51.32,,780,94
5/2/2014,35590,60.513999999999996,,1192,144
5/3/2014,28254,61.95,,2440,150
5/4/2014,23450,43.926,,1479,77
5/5/2014,33706,58.903999999999996,,842,127
5/6/2014,35977,62.455,,836,100
5/7/2014,36210,58.617,,799,91
5/8/2014,19518,28.9,,303,20
5/9/2014,24990,37.118,,537,59
5/10/2014,24179,44.945,,1617,74
5/11/2014,31551,71.587,,2768,145
5/12/2014,35209,61.465,,935,124
5/13/2014,36281,59.20399999999999,,737,125
5/14/2014,33087,52.063,,586,75
5/15/2014,28847,45.347,,566,76
5/16/2014,19561,27.664,,218,22
5/17/2014,33141,71.372,,2968,141
5/18/2014,30026,61.977,,2476,124
5/19/2014,34763,56.666000000000004,,914,124
5/20/2014,38928,66.578,,1145,141
5/21/2014,37493,61.068999999999996,,897,115
5/22/2014,26753,39.65,,470,40
5/23/2014,26895,42.128,,793,84
5/24/2014,18503,35.805,,1532,105
5/25/2014,28266,68.798,,3535,144
5/26/2014,29819,70.712,,3095,143
5/27/2014,36165,63.451,,1196,162
5/28/2014,32666,49.67,,533,79
5/29/2014,37184,60.222,,930,108
5/30/2014,37875,65.24,,1191,118
5/31/2014,30659,61.976000000000006,,2305,129
6/1/2014,34597,75.594,,2912,168
6/2/2014,38143,68.186,,1099,150
6/3/2014,32504,52.766999999999996,,702,119
6/4/2014,39747,66.953,,950,135
6/5/2014,27165,44.714,,692,81
6/6/2014,41291,72.887,,1668,128
6/7/2014,34417,74.54899999999999,,2888,165
6/8/2014,33432,73.196,,2704,117
6/9/2014,20545,32.251999999999995,,394,43
6/10/2014,36959,59.916000000000004,,783,117
6/11/2014,33809,55.193000000000005,,691,105
6/12/2014,32186,49.272,,644,78
6/13/2014,20236,31.146,,565,40
6/14/2014,31432,63.83,,2442,129
6/15/2014,31029,65.14,,2397,136
6/16/2014,38568,66.964,,1080,153
6/17/2014,38963,66.789,,978,124
6/18/2014,38984,64.305,,905,139
6/19/2014,35327,58.66,,812,92
6/20/2014,38827,78.661,,1439,117
6/21/2014,33325,69.714,,2951,149
6/22/2014,32300,65.036,,2532,107
6/23/2014,36342,61.528999999999996,,1024,167
6/24/2014,39886,66.604,,939,136
6/25/2014,38035,60.763000000000005,,868,137
6/26/2014,38610,63.768,,1051,109
6/27/2014,39697,70.902,,1573,147
6/28/2014,31684,65.075,,2679,125
6/29/2014,30784,64.706,,2450,125
6/30/2014,36854,61.917,,1044,120
7/1/2014,37970,61.17,,955,120
7/2/2014,28765,44.192,,688,92
7/3/2014,30078,48.573,,819,88
7/4/2014,14850,27.905,,1196,77
7/5/2014,25116,55.725,,2566,127
7/6/2014,26615,65.358,,2392,111
7/7/2014,35075,59.833999999999996,,905,160
7/8/2014,35734,57.828,,740,120
7/9/2014,37588,60.912,,879,127
7/10/2014,39779,66.23899999999999,,1052,115
7/11/2014,38416,65.516,,1339,93
7/12/2014,31413,63.663999999999994,,2697,115
7/13/2014,27089,50.105,,1713,91
7/14/2014,28173,43.222,,637,93
7/15/2014,24993,37.092,,410,58
7/16/2014,38610,63.61600000000001,,959,116
7/17/2014,41996,70.061,,1114,110
7/18/2014,39526,69.416,,1502,148
7/19/2014,31943,64.395,,2796,130
7/20/2014,33156,68.542,,2767,146
7/21/2014,38963,64.824,,1162,129
7/22/2014,40450,67.081,,992,127
7/23/2014,37508,59.956,,816,126
7/24/2014,40419,67.584,,1064,109
7/25/2014,39768,68.652,,1457,105
7/26/2014,29882,59.645,,2428,92
7/27/2014,29669,58.193000000000005,,2108,115
7/28/2014,36360,59.567,,877,150
7/29/2014,41198,68.064,,1089,128
7/30/2014,41207,68.127,,1116,99
7/31/2014,39282,65.414,,1065,113
8/1/2014,35829,59.202,,1192,93
8/2/2014,30013,60.544,,2540,127
8/3/2014,27854,55.867,,2146,96
8/4/2014,37408,63.736999999999995,,1097,165
8/5/2014,38168,63.957,,1059,119
8/6/2014,39942,66.342,,1067,144
8/7/2014,39933,67.398,,1083,129
8/8/2014,37367,64.33,,1342,111
8/9/2014,35701,81.003,,3814,151
8/10/2014,29339,61.287,,2303,131
8/11/2014,36837,61.708,,1167,132
8/12/2014,28591,41.88,,526,90
8/13/2014,30698,49.367,,661,98
8/14/2014,38863,67.92399999999999,,1069,128
8/15/2014,35524,60015.0,,1198,117
8/16/2014,36127,83272.0,,4217,155
8/17/2014,30223,61390.0,,2344,121
8/18/2014,37851,64873.0,,1156,157
8/19/2014,38912,65883.0,,965,140
8/20/2014,39090,66900.0,,1057,110
8/21/2014,36917,62373.0,,960,107
8/22/2014,33147,54765.0,,863,81
8/23/2014,28956,57270.0,,2254,98
8/24/2014,30422,65005.0,,2528,125
8/25/2014,36244,60866.0,,1007,146
8/26/2014,37937,62487.0,,937,124
8/27/2014,36900,61488.0,,829,83
8/28/2014,37055,62402.0,,982,83
8/29/2014,34292,59371.0,,1329,109
8/30/2014,25239,52782.0,,2442,99
8/31/2014,20097,41594.0,,1952,89
9/1/2014,26055,51270.0,,2083,105
9/2/2014,34005,53842.0,,693,121
9/3/2014,38998,62736.0,,789,148
9/4/2014,40022,64563.0,,816,125
9/5/2014,38325,64421.0,,1111,121
9/6/2014,28290,51519.0,,1674,105
9/7/2014,32524,65394.0,,2222,115
9/8/2014,38091,60610.0,,818,118
9/9/2014,38101,59026.0,,620,99
9/10/2014,41634,69561.0,,981,104
9/11/2014,40864,65798.0,,844,90
9/12/2014,41341,75561.0,,1195,103
9/13/2014,19110,31600.0,,842,67
9/14/2014,31589,62963.0,,2290,117
9/15/2014,39044,64983.0,,858,118
9/16/2014,28285,43250.0,,484,61
9/17/2014,41347,67758.0,,916,121
9/18/2014,41145,67840.0,,887,115
9/19/2014,38162,62500.0,,979,90
9/20/2014,32951,64838.0,,2464,122
9/21/2014,28530,54319.0,,1693,90
9/22/2014,36624,59024.0,,748,84
9/23/2014,40105,66590.0,,841,106
9/24/2014,38976,62834.0,,719,100
9/25/2014,18282,26019.0,,165,24
9/26/2014,38394,66227.0,,1297,118
9/27/2014,33322,69724.0,,2712,118
9/28/2014,32080,64811.0,,2259,129
9/29/2014,36896,59305.0,,689,114
9/30/2014,39061,59970.0,,613,65
10/1/2014,31197,44612.0,,330,48
10/2/2014,38286,60639.0,,602,86
10/3/2014,38956,65739.0,,1276,107
10/4/2014,15088,24254.0,,617,26
10/5/2014,26247,48930.0,,1470,90
10/6/2014,35651,56380.0,,710,99
10/7/2014,36931,58740.0,,593,81
10/8/2014,37870,60594.0,,667,86
10/9/2014,36427,57865.0,,709,71
10/10/2014,34690,54690.0,,905,78
10/11/2014,14805,23278.0,,528,34
10/12/2014,26259,52781.0,,2083,80
10/13/2014,25616,40275.0,,749,60
10/14/2014,36529,61691.0,,869,101
10/15/2014,31784,49319.0,,506,82
10/16/2014,29845,47808.0,,499,61
10/17/2014,37759,64389.0,,1180,105
10/18/2014,27634,52554.0,,1806,63
10/19/2014,21017,35039.0,,1000,57
10/20/2014,30928,48030.0,,514,74
10/21/2014,34710,53960.0,,539,90
10/22/2014,10402,13894.0,,110,30
10/23/2014,14886,20446.0,,74,19
10/24/2014,33022,51151.0,,722,84
10/25/2014,27802,53881.0,,2093,83
10/26/2014,23077,41308.0,,1220,71
10/27/2014,31908,49892.0,,519,73
10/28/2014,36429,56602.0,,628,79
10/29/2014,32944,48378.0,,466,70
10/30/2014,34658,52162.0,,557,61
10/31/2014,30787,46834.0,,653,75
11/1/2014,6739,8703.0,,98,10
11/2/2014,15730,23106.0,,480,44
11/3/2014,29590,45368.0,,568,51
11/4/2014,34612,54306.0,,665,80
11/5/2014,33764,52464.0,,513,49
11/6/2014,13882,18743.0,,98,12
11/7/2014,28053,40163.0,,416,45
11/8/2014,19372,31589.0,,878,40
11/9/2014,20225,34251.0,,952,44
11/10/2014,30616,46768.0,,607,46
11/11/2014,32312,49461.0,,599,41
11/12/2014,30830,45234.0,,325,36
11/13/2014,22798,32395.0,,252,21
11/14/2014,23452,33240.0,,242,28
11/15/2014,15403,23774.0,,522,16
11/16/2014,14544,20645.0,,319,20
11/17/2014,8944,11294.0,,25,8
11/18/2014,18436,23704.0,,78,26
11/19/2014,18211,24052.0,,102,17
11/20/2014,22682,30878.0,,160,20
11/21/2014,19582,25533.0,,131,24
11/22/2014,13838,20211.0,,345,9
11/23/2014,17012,27503.0,,628,26
11/24/2014,25007,37873.0,,374,45
11/25/2014,27889,39495.0,,365,27
11/26/2014,4064,4997.0,,14,1
11/27/2014,4331,5954.0,,74,10
11/28/2014,9157,12743.0,,209,8
11/29/2014,8974,12808.0,,235,14
11/30/2014,13612,21244.0,,449,25
12/1/2014,20398,29977.0,,281,20
12/2/2014,16961,22343.0,,45,24
12/3/2014,15078,23083.0,,65,6
12/4/2014,23442,33077.0,,191,14
12/5/2014,17289,23200.0,,153,12
12/6/2014,4487,5787.0,,59,5
12/7/2014,11404,16007.0,,254,13
12/8/2014,17015,21665.0,,60,11
12/9/2014,7322,9458.0,,18,4
12/10/2014,11476,14590.0,,23,5
12/11/2014,19840,27417.0,,144,19
12/12/2014,19393,25689.0,,151,13
12/13/2014,13760,21276.0,,324,20
12/14/2014,13255,19351.0,,326,20
12/15/2014,21306,29232.0,,186,25
12/16/2014,18653,25116.0,,119,19
12/17/2014,22350,30878.0,,186,18
12/18/2014,20679,27451.0,,119,14
12/19/2014,18696,24828.0,,158,14
12/20/2014,10628,13747.0,,145,7
12/21/2014,9582,12740.0,,170,9
12/22/2014,14849,20321.0,,156,17
12/23/2014,10405,13946.0,,68,9
12/24/2014,4716,6183.0,,36,7
12/25/2014,5354,11023.0,,	456	41,undefined
12/26/2014,10775,17715.0,,464,63
12/27/2014,11128,21130.0,,58,undefined
12/28/2014,8719,12978.0,,326,23
12/29/2014,14763,22499.0,,37,undefined
12/30/2014,13277,18112.0,,214,31
12/31/2014,10450,14560.0,,216,12
1/1/2015,5792,15216843.0,127279.0,267,11
1/2/2015,12371,15229214.0,127293.0,298,8
1/3/2015,4834,15234048.0,127300.0,96,7
1/4/2015,8509,15242557.0,127308.0,152,5
1/5/2015,15792,15258349.0,127336.0,88,12
1/6/2015,9483,15267832.0,127354.0,2,1
1/7/2015,10685,15278517.0,127363.0,5,1
1/8/2015,9777,15288294.0,127372.0,18,0
1/9/2015,8631,15296925.0,127376.0,16,2
1/10/2015,6826,15303751.0,127383.0,51,3
1/11/2015,8204,15311955.0,127395.0,68,8
1/12/2015,9441,15321396.0,127408.0,27,2
1/13/2015,14134,15335530.0,127418.0,23,10
1/14/2015,14396,15349926.0,127427.0,43,7
1/15/2015,15463,15365389.0,127434.0,64,8
1/16/2015,15059,15380448.0,127441.0,94,14
1/17/2015,8243,15388691.0,127453.0,152,3
1/18/2015,2038,15390729.0,127461.0,12,0
1/19/2015,11913,15402642.0,127470.0,124,11
1/20/2015,17615,15420257.0,127502.0,93,9
1/21/2015,16734,15436991.0,127520.0,67,16
1/22/2015,17435,15454426.0,127530.0,74,9
1/23/2015,17080,15471506.0,127545.0,95,14
1/24/2015,5275,15476781.0,127552.0,41,2
1/25/2015,10235,15487016.0,127559.0,202,4
1/26/2015,4537,15491553.0,127566.0,15,0
1/27/2015,1405,15492958.0,127569.0,36,1
1/28/2015,6223,15499181.0,127575.0,12,2
1/29/2015,9845,15509026.0,127586.0,31,3
1/30/2015,9943,15518969.0,127595.0,21,6
1/31/2015,5752,15524721.0,127596.0,38,2
2/1/2015,7214,15531935.0,127608.0,72,8
2/2/2015,1686,15533621.0,127608.0,6,0
2/3/2015,5443,15539064.0,127612.0,5,1
2/4/2015,9854,15548918.0,127624.0,27,1
2/5/2015,9977,15558895.0,127630.0,13,1
2/6/2015,9334,15568229.0,127635.0,26,4
2/7/2015,7346,15575575.0,127640.0,83,7
2/8/2015,7180,15582755.0,127642.0,65,7
2/9/2015,5717,15588472.0,127646.0,10,3
2/10/2015,11289,15599761.0,127652.0,36,5
2/11/2015,12453,15612214.0,127657.0,46,12
2/12/2015,12651,15624865.0,127667.0,45,4
2/13/2015,8595,15633460.0,127674.0,28,2
2/14/2015,5124,15638584.0,127678.0,54,2
2/15/2015,2837,15641421.0,127681.0,12,0
2/16/2015,4500,15645921.0,127682.0,19,2
2/17/2015,5289,15651210.0,127683.0,14,2
2/18/2015,10001,15661211.0,127693.0,35,6
2/19/2015,8485,15669696.0,127696.0,14,0
2/20/2015,6825,15676521.0,127700.0,14,3
2/21/2015,3453,15679974.0,127701.0,24,5
2/22/2015,4654,15684628.0,127706.0,55,4
2/23/2015,8343,15692971.0,127714.0,11,8
2/24/2015,8483,15701454.0,127729.0,12,1
2/25/2015,12057,15713511.0,127739.0,49,5
2/26/2015,11047,15724558.0,127747.0,26,7
2/27/2015,10861,15735419.0,127753.0,57,10
2/28/2015,6836,15742255.0,127754.0,71,3
3/1/2015,3169,15745424.0,127763.0,37,4
3/2/2015,8019,15753443.0,127770.0,27,3
3/3/2015,7178,15760621.0,127775.0,18,2
3/4/2015,8265,15768886.0,127779.0,28,4
3/5/2015,1821,15770707.0,127784.0,4,0
3/6/2015,5953,15776660.0,127792.0,19,6
3/7/2015,6255,15782915.0,127799.0,96,9
3/8/2015,8711,15791626.0,127819.0,245,16
3/9/2015,16365,15807991.0,127852.0,218,24
3/10/2015,13080,15821071.0,127886.0,126,17
3/11/2015,21728,15842799.0,127936.0,386,29
3/12/2015,19246,15862045.0,127977.0,195,22
3/13/2015,17850,15879895.0,128023.0,239,27
3/14/2015,4302,15884197.0,128041.0,60,5
3/15/2015,9676,15893873.0,128071.0,260,31
3/16/2015,18476,15912349.0,128108.0,273,35
3/17/2015,16287,15928636.0,128143.0,178,21
3/18/2015,15050,15943686.0,128169.0,110,15
3/19/2015,16699,15960385.0,128191.0,150,14
3/20/2015,8786,15969171.0,128204.0,58,6
3/21/2015,10236,15979407.0,128216.0,367,23
3/22/2015,10638,15990045.0,128249.0,381,10
3/23/2015,14669,16004714.0,128287.0,111,25
3/24/2015,17532,16022246.0,128313.0,168,34
3/25/2015,15851,16038097.0,128347.0,136,22
3/26/2015,16193,16054290.0,128385.0,125,25
3/27/2015,15433,16069723.0,128417.0,188,19
3/28/2015,1255,16070978.0,128431.0,10,2
3/29/2015,10585,16081563.0,128485.0,473,27
3/30/2015,19250,16100813.0,128527.0,244,53
3/31/2015,15199,16116012.0,128576.0,122,38
4/1/2015,21566,,,325,34
4/2/2015,26346,,,864,65
4/3/2015,15978,,,365,27
4/4/2015,15538,,,1029,46
4/5/2015,14962,,,1208,52
4/6/2015,25502,,,1065,73
4/7/2015,17640,,,270,33
4/8/2015,19223,,,276,30
4/9/2015,17723,,,163,20
4/10/2015,17648,,,289,37
4/11/2015,20451,,,1600,59
4/12/2015,21851,,,1951,87
4/13/2015,26980,,,603,73
4/14/2015,24452,,,334,53
4/15/2015,30184,,,733,84
4/16/2015,29273,,,617,57
4/17/2015,26164,,,671,81
4/18/2015,31024,,,3685,138
4/19/2015,23444,,,1851,103
4/20/2015,12080,,,96,23
4/21/2015,27057,,,608,88
4/22/2015,23893,,,374,51
4/23/2015,23886,,,311,61
4/24/2015,22605,,,421,37
4/25/2015,22963,,,2095,85
4/26/2015,23608,,,1999,128
4/27/2015,27657,,,609,99
4/28/2015,32481,,,893,98
4/29/2015,34427,,,1087,150
4/30/2015,31756,,,785,102
5/1/2015,30345,,,917,106
5/2/2015,28295,,,2799,138
5/3/2015,30446,,,3361,154
5/4/2015,35115,,,1397,191
5/5/2015,35990,,,987,145
5/6/2015,32788,,,712,90
5/7/2015,37762,,,1271,133
5/8/2015,37206,,,1596,170
5/9/2015,26813,,,2077,158
5/10/2015,28962,,,2444,189
5/11/2015,35068,,,1084,198
5/12/2015,38186,,,1103,179
5/13/2015,36162,,,891,119
5/14/2015,44429,,,4927,82
5/15/2015,37687,,,1665,181
5/16/2015,26142,,,2392,155
5/17/2015,34006,,,3499,189
5/18/2015,33527,,,1031,129
5/19/2015,36272,,,943,177
5/20/2015,36020,,,923,100
5/21/2015,33076,,,746,105
5/22/2015,33898,,,1356,150
5/23/2015,25985,,,2967,166
5/24/2015,27400,,,3689,156
5/25/2015,30636,,,3392,221
5/26/2015,38282,,,1202,188
5/27/2015,35952,,,879,124
5/28/2015,38291,,,1014,144
5/29/2015,40179,,,1648,134
5/30/2015,33503,,,3082,192
5/31/2015,21196,,,1606,105
6/1/2015,16079,,,162,41
6/2/2015,12706,,,75,35
6/3/2015,36345,,,1129,143
6/4/2015,34390,,,806,147
6/5/2015,32861,,,959,117
6/6/2015,27910,,,2457,144
6/7/2015,32881,,,3295,169
6/8/2015,35453,,,1045,168
6/9/2015,37322,,,889,140
6/10/2015,41386,,,1223,140
6/11/2015,39083,,,1060,137
6/12/2015,36801,,,1374,131
6/13/2015,31772,,,3045,168
6/14/2015,29829,,,2633,192
6/15/2015,26533,,,575,122
6/16/2015,33832,,,798,151
6/17/2015,40009,,,1145,160
6/18/2015,37326,,,792,144
6/19/2015,39350,,,1543,143
6/20/2015,24937,,,1747,125
6/21/2015,27486,,,2295,140
6/22/2015,39758,,,1282,202
6/23/2015,34182,,,824,147
6/24/2015,43484,,,1270,189
6/25/2015,41618,,,1166,135
6/26/2015,40599,,,1579,182
6/27/2015,16271,,,1143,65
6/28/2015,21588,,,1610,101
6/29/2015,39785,,,1452,196
6/30/2015,39839,,,1220,156
7/1/2015,39019,18894427.0,,1251,142
7/2/2015,36962,18931389.0,,1411,175
7/3/2015,27821,18959210.0,,2818,173
7/4/2015,22347,18981557.0,,3036,130
7/5/2015,26708,19008265.0,,2829,180
7/6/2015,36174,19044439.0,,1287,224
7/7/2015,37930,19082369.0,,1071,200
7/8/2015,35900,19118269.0,,823,139
7/9/2015,32734,19151003.0,,900,122
7/10/2015,39687,19190690.0,,1724,143
7/11/2015,32620,19223310.0,,3190,178
7/12/2015,31853,19255163.0,,2875,166
7/13/2015,39586,19294749.0,,1273,238
7/14/2015,36671,19331420.0,,754,145
7/15/2015,35855,19367275.0,,873,111
7/16/2015,43302,19410577.0,,1676,197
7/17/2015,40782,19451359.0,,1815,161
7/18/2015,29619,19480978.0,,2800,165
7/19/2015,29332,19510310.0,,2709,169
7/20/2015,35960,19546270.0,,1052,205
7/21/2015,39557,19585827.0,,1234,170
7/22/2015,43602,19629429.0,,1363,179
7/23/2015,43319,19672748.0,,1404,166
7/24/2015,41201,19713949.0,,1778,174
7/25/2015,32458,19746407.0,,3535,148
7/26/2015,31325,19777732.0,,2889,171
7/27/2015,39602,19817334.0,,1232,230
7/28/2015,41321,19858655.0,,1245,181
7/29/2015,40267,19898922.0,,1085,153
7/30/2015,31878,19930800.0,,785,108
7/31/2015,39360,19970160.0,,1723,177
8/1/2015,36088,20006248.0,,4286,234
8/2/2015,32482,20038730.0,,3189,204
8/3/2015,39912,20078642.0,,1400,230
8/4/2015,41672,20120314.0,,1393,168
8/5/2015,42149,20162463.0,,1357,160
8/6/2015,43455,20205918.0,,1498,170
8/7/2015,41967,20247885.0,,1862,154
8/8/2015,39866,20287751.0,,5101,205
8/9/2015,33654,20321405.0,,3425,177
8/10/2015,40718,20362123.0,,1518,228
8/11/2015,25692,20387815.0,,622,107
8/12/2015,44145,20431960.0,,1458,196
8/13/2015,43174,20475134.0,,1479,155
8/14/2015,40903,20516037.0,,1778,195
8/15/2015,38777,20554814.0,,4773,226
8/16/2015,30337,20585151.0,,2720,179
8/17/2015,37446,20622597.0,,1285,180
8/18/2015,39913,20662510.0,,1163,158
8/19/2015,40721,20703231.0,,1266,151
8/20/2015,39275,20742506.0,,1275,140
8/21/2015,38033,20780539.0,,1572,160
8/22/2015,34269,20814808.0,,3632,190
8/23/2015,33059,20847867.0,,2960,178
8/24/2015,38676,20886543.0,,1253,182
8/25/2015,41052,20927595.0,,1224,178
8/26/2015,42373,20969968.0,,1247,159
8/27/2015,42801,21012769.0,,1333,161
8/28/2015,41418,21054187.0,,1774,160
8/29/2015,34053,21088240.0,,3470,197
8/30/2015,32581,21120821.0,,2902,189
8/31/2015,40043,21160864.0,,1197,194
9/1/2015,43069,21203933.0,,1199,185
9/2/2015,43004,21246937.0,,1244,162
9/3/2015,42462,21289399.0,,1251,193
9/4/2015,39572,21328971.0,,1843,211
9/5/2015,33669,21362640.0,,4271,228
9/6/2015,32875,21395515.0,,4571,200
9/7/2015,33280,21428795.0,,3501,155
9/8/2015,42344,21471139.0,,1138,208
9/9/2015,43528,21514667.0,,1041,175
9/10/2015,22023,21536690.0,,416,77
9/11/2015,47206,21583896.0,,1929,207
9/12/2015,33282,21617178.0,,2620,192
9/13/2015,34308,21651486.0,,2814,215
9/14/2015,44367,21696523.0,,1751,240
9/15/2015,48402,21744925.0,,1533,227
9/16/2015,50780,21795705.0,,1424,199
9/17/2015,50275,21845980.0,,1508,206
9/18/2015,49946,21895926.0,,2090,226
9/19/2015,42653,21938579.0,,184,undefined
9/20/2015,40099,21978678.0,,3598,234
9/21/2015,47178,22025856.0,,1290,249
9/22/2015,48664,22074520.0,,1080,191
9/23/2015,48175,22122695.0,,1568,218
9/24/2015,52706,22175401.0,,1766,204
9/25/2015,51367,22226768.0,,2059,193
9/26/2015,42559,22269327.0,,3769,219
9/27/2015,38278,22307605.0,,2940,151
9/28/2015,48009,22355614.0,,1505,223
9/29/2015,48728,22404342.0,,1284,173
9/30/2015,39450,22443792.0,,744,77
10/1/2015,34719,21391023.0,150933.0,804,92
10/2/2015,9444,21400467.0,150976.0,65,4
10/3/2015,16564,21417031.0,151027.0,489,64
10/4/2015,30214,21447245.0,151167.0,2005,127
10/5/2015,44581,21491826.0,151361.0,1193,176
10/6/2015,49720,21541546.0,151461.0,1328,167
10/7/2015,50141,21591687.0,151579.0,1211,172
10/8/2015,50179,21641866.0,151968.0,1436,180
10/9/2015,37283,21679149.0,152132.0,1302,97
10/10/2015,39348,21718497.0,152260.0,3864,206
10/11/2015,38967,21757464.0,152421.0,4004,171
10/12/2015,45584,21803048.0,153049.0,2452,189
10/13/2015,49047,21852095.0,153382.0,1235,151
10/14/2015,50000,21902095.0,153619.0,1069,150
10/15/2015,48783,21950878.0,153784.0,1318,155
10/16/2015,46486,21997364.0,153866.0,1522,118
10/17/2015,31811,22029175.0,154026.0,2239,120
10/18/2015,23978,22053153.0,154092.0,1141,75
10/19/2015,36570,22089723.0,154422.0,661,116
10/20/2015,45377,22135100.0,154499.0,1093,147
10/21/2015,49121,22184221.0,154626.0,1339,162
10/22/2015,49604,22233825.0,154799.0,1342,177
10/23/2015,44681,22278506.0,154935.0,1429,123
10/24/2015,31713,22310219.0,155028.0,2254,101
10/25/2015,29289,22339508.0,155118.0,1761,90
10/26/2015,42166,22381674.0,155296.0,1039,154
10/27/2015,44553,22426227.0,155445.0,866,86
10/28/2015,20736,22446963.0,155572.0,128,25
10/29/2015,45359,22492322.0,155697.0,1179,167
10/30/2015,44521,22536843.0,155873.0,1558,154
10/31/2015,31759,22568602.0,156005.0,2206,145
11/1/2015,30622,22599224.0,156096.0,2090,111
11/2/2015,44534,22643758.0,156208.0,1316,190
11/3/2015,49326,22693084.0,156301.0,1567,166
11/4/2015,49487,22742571.0,156400.0,1217,139
11/5/2015,43006,22785577.0,156499.0,849,108
11/6/2015,47162,22832739.0,156561.0,1571,122
11/7/2015,35586,22868325.0,156647.0,2643,149
11/8/2015,32318,22900643.0,156743.0,2361,99
11/9/2015,42262,22942905.0,156820.0,899,102
11/10/2015,21585,22964490.0,156963.0,120,42
11/11/2015,37705,23002195.0,157038.0,712,95
11/12/2015,37319,23039514.0,157143.0,430,61
11/13/2015,38970,23078484.0,157226.0,892,78
11/14/2015,25300,23103784.0,157296.0,1349,72
11/15/2015,25991,23129775.0,157392.0,1497,78
11/16/2015,40916,23170691.0,157491.0,833,105
11/17/2015,38939,23209630.0,157570.0,488,66
11/18/2015,41486,23251116.0,157628.0,498,82
11/19/2015,21890,23273006.0,157666.0,167,37
11/20/2015,38205,23311211.0,157702.0,890,73
11/21/2015,28038,23339249.0,157731.0,1572,65
11/22/2015,23344,23362593.0,157781.0,905,39
11/23/2015,30136,23392729.0,157830.0,382,43
11/24/2015,32218,23424947.0,157870.0,392,43
11/25/2015,30295,23455242.0,157893.0,636,54
11/26/2015,13291,23468533.0,157907.0,1436,61
11/27/2015,22829,23491362.0,157929.0,1859,78
11/28/2015,15832,23507194.0,157952.0,1061,45
11/29/2015,18453,23525647.0,157997.0,888,45
11/30/2015,30221,23555868.0,158047.0,346,62
12/1/2015,18399,23574267.0,158067.0,61,22
12/2/2015,23782,23598049.0,158096.0,138,29
12/3/2015,33917,23631966.0,158130.0,348,42
12/4/2015,34737,23666703.0,158157.0,549,60
12/5/2015,26355,23693058.0,158183.0,1638,66
12/6/2015,24942,23718000.0,158214.0,1321,53
12/7/2015,34139,23752139.0,158251.0,554,84
12/8/2015,35614,23787753.0,158284.0,411,69
12/9/2015,35305,23823058.0,158317.0,355,33
12/10/2015,39099,23862157.0,158357.0,638,67
12/11/2015,39059,23901216.0,158388.0,822,63
12/12/2015,31956,23933172.0,158427.0,2192,51
12/13/2015,32001,23965173.0,158468.0,2470,68
12/14/2015,32518,23997691.0,158529.0,606,56
12/15/2015,38660,24036351.0,158572.0,606,54
12/16/2015,35643,24071994.0,158617.0,436,50
12/17/2015,21960,24093954.0,158643.0,120,26
12/18/2015,30699,24124653.0,158671.0,384,38
12/19/2015,17776,24142429.0,158692.0,527,31
12/20/2015,17029,24159458.0,158732.0,604,36
12/21/2015,29800,24189258.0,158772.0,494,29
12/22/2015,22941,24212199.0,158793.0,274,26
12/23/2015,14817,24227016.0,158825.0,172,19
12/24/2015,18445,24245461.0,158844.0,660,64
12/25/2015,12331,24257792.0,158883.0,2171,84
12/26/2015,13912,24271704.0,158933.0,1021,96
12/27/2015,13176,24284880.0,158993.0,1064,83
12/28/2015,18889,24303769.0,159046.0,756,69
12/29/2015,13347,24317116.0,159081.0,211,36
12/30/2015,22476,24339592.0,159148.0,888,57
12/31/2015,20375,24359967.0,159215.0,1072,54
1/1/2016,11009,24429.0,159362.0,919,51.0
1/2/2016,14587,29093.0,159403.0,877,34.0
1/3/2016,15499,29616.0,159459.0,784,27.0
1/4/2016,19593,36172.0,159502.0,166,33.0
1/5/2016,18053,32049.0,159534.0,121,22.0
1/6/2016,24569,40996.0,159564.0,265,27.0
1/7/2016,27773,45986.0,159588.0,318,24.0
1/8/2016,28709,47061.0,159621.0,364,28.0
1/9/2016,20846,37341.0,159654.0,632,20.0
1/10/2016,14275,25404.0,159682.0,391,18.0
1/11/2016,22937,37393.0,159731.0,155,32.0
1/12/2016,25211,38958.0,159761.0,151,23.0
1/13/2016,21133,31608.0,159792.0,82,15.0
1/14/2016,23780,37295.0,159813.0,123,29.0
1/15/2016,28435,45993.0,159841.0,379,27.0
1/16/2016,19178,35791.0,159885.0,803,37.0
1/17/2016,12024,20487.0,159910.0,387,22.0
1/18/2016,12718,19998.0,159931.0,123,13.0
1/19/2016,17281,26966.0,159957.0,64,12.0
1/20/2016,23419,35477.0,159972.0,126,11.0
1/21/2016,23671,36048.0,159991.0,133,15.0
1/22/2016,20950,31344.0,160004.0,115,6.0
1/23/2016,0,0.0,160005.0,0,0.0
1/24/2016,0,0.0,160013.0,0,0.0
1/25/2016,0,0.0,160020.0,0,0.0
1/26/2016,0,0.0,160028.0,0,0.0
1/27/2016,6760,13698.0,160039.0,54,6.0
1/28/2016,11944,22314.0,160053.0,81,9.0
1/29/2016,16028,26896.0,160064.0,118,27.0
1/30/2016,12964,23350.0,160084.0,328,23.0
1/31/2016,16112,31280.0,160118.0,533,17.0
2/1/2016,24334,42380.0,160160.0,202,31.0
2/2/2016,28527,47742.0,160189.0,280,31.0
2/3/2016,16203,24225.0,160216.0,63,12.0
2/4/2016,27765,47458.0,160247.0,304,24.0
2/5/2016,13669,25538.0,160257.0,102,7.0
2/6/2016,16933,38782.0,160280.0,586,35.0
2/7/2016,17605,31524.0,160316.0,622,30.0
2/8/2016,19026,28648.0,160335.0,80,20.0
2/9/2016,22740,40198.0,160364.0,156,9.0
2/10/2016,22418,38402.0,160395.0,130,17.0
2/11/2016,18747,27783.0,160425.0,87,15.0
2/12/2016,16445,27143.0,160450.0,104,16.0
2/13/2016,6625,11589.0,160459.0,46,4.0
2/14/2016,4652,6934.0,160468.0,78,4.0
2/15/2016,5883,8747.0,160480.0,43,1.0
2/16/2016,14225,27802.0,160505.0,53,19.0
2/17/2016,23572,38304.0,160528.0,182,26.0
2/18/2016,22261,34431.0,160550.0,202,26.0
2/19/2016,21959,35317.0,160568.0,268,17.0
2/20/2016,24484,53540.0,160618.0,1710,50.0
2/21/2016,20052,41645.0,160685.0,1228,29.0
2/22/2016,28233,48237.0,160749.0,455,37.0
2/23/2016,16133,26379.0,160784.0,62,10.0
2/24/2016,9761,14994.0,160814.0,38,3.0
2/25/2016,25102,42707.0,160849.0,237,23.0
2/26/2016,22574,36101.0,160887.0,254,19.0
2/27/2016,17226,37583.0,160910.0,706,18.0
2/28/2016,25440,61595.0,160982.0,2335,43.0
2/29/2016,27957,47933.0,161089.0,376,58.0
3/1/2016,30509,55160.0,161146.0,470,66.0
3/2/2016,26195,43535.0,161198.0,235,35.0
3/3/2016,24061,37848.0,161243.0,215,22.0
3/4/2016,17369,29100.0,161268.0,150,16.0
3/5/2016,18023,36875.0,161310.0,785,46.0
3/6/2016,18832,36377.0,161379.0,837,40.0
3/7/2016,31492,56232.0,161493.0,633,58.0
3/8/2016,36521,67958.0,161604.0,723,98.0
3/9/2016,41489,81662.0,161732.0,1226,125.0
3/10/2016,42252,82079.0,161867.0,1271,111.0
3/11/2016,38193,76636.0,161987.0,1266,79.0
3/12/2016,32770,81491.0,162086.0,3247,105.0
3/13/2016,27549,63214.0,162214.0,2216,67.0
3/14/2016,10930,16498.0,162289.0,70,17.0
3/15/2016,31595,57722.0,162380.0,582,79.0
3/16/2016,36067,68713.0,162482.0,930,78.0
3/17/2016,35390,65353.0,162583.0,785,98.0
3/18/2016,34647,69122.0,162670.0,933,87.0
3/19/2016,24048,49113.0,162733.0,1411,69.0
3/20/2016,16676,29737.0,162795.0,633,40.0
3/21/2016,26414,44457.0,162890.0,428,57.0
3/22/2016,33496,62248.0,163000.0,705,99.0
3/23/2016,40981,80289.0,163136.0,1279,120.0
3/24/2016,36495,67590.0,163216.0,1045,101.0
3/25/2016,34091,70525.0,163320.0,1684,128.0
3/26/2016,27474,67267.0,163407.0,2834,108.0
3/27/2016,22481,52462.0,163501.0,2080,67.0
3/28/2016,20344,35548.0,163589.0,375,60.0
3/29/2016,31481,55067.0,163681.0,588,97.0
3/30/2016,33674,61264.0,163770.0,769,64.0
3/31/2016,38192,79447.0,163865.0,1141,91.0
4/1/2016,34448,67595.0,163963.0,1113,82.0
4/2/2016,21838,46206.0,164031.0,1193,63.0
4/3/2016,15321,28615.0,164102.0,448,31.0
4/4/2016,12302,20143.0,164167.0,49,19.0
4/5/2016,26236,43723.0,164237.0,341,56.0
4/6/2016,29364,48901.0,164310.0,443,37.0
4/7/2016,30400,54591.0,164366.0,280,65.0
4/8/2016,30811,53039.0,164425.0,542,51.0
4/9/2016,12698,21151.0,164455.0,346,21.0
4/10/2016,23228,49190.0,164536.0,1508,48.0
4/11/2016,32048,59206.0,164632.0,668,82.0
4/12/2016,23765,43504.0,164703.0,316,50.0
4/13/2016,37538,71788.0,164790.0,761,106.0
4/14/2016,38502,88278.0,164885.0,963,93.0
4/15/2016,39676,86981.0,164996.0,1273,118.0
4/16/2016,36148,102228.0,165139.0,3726,141.0
4/17/2016,38838,115805.0,165354.0,4348,190.0
4/18/2016,43989,102730.0,165576.0,1595,197.0
4/19/2016,46075,107515.0,165812.0,1130,184.0
4/20/2016,44542,104249.0,166002.0,1160,116.0
4/21/2016,45568,104484.0,166153.0,1307,149.0
4/22/2016,48806,113556.0,166319.0,4230,105.0
4/23/2016,33631,96274.0,166462.0,3309,155.0
4/24/2016,37862,115132.0,166692.0,4026,177.0
4/25/2016,42303,100925.0,166902.0,1698,170.0
4/26/2016,34639,75454.0,167048.0,741,97.0
4/27/2016,41931,93272.0,167196.0,1395,110.0
4/28/2016,37428,74857.0,167311.0,927,95.0
4/29/2016,34878,78020.0,167439.0,1051,122.0
4/30/2016,38258,110776.0,167638.0,4244,165.0
5/1/2016,10697,29020.0,167721.0,260,24.0
5/2/2016,38536,84418.0,167842.0,967,152.0
5/3/2016,22858,57652.0,167987.0,350,45.0
5/4/2016,31619,67962.0,168111.0,449,84.0
5/5/2016,39903,80750.0,168262.0,970,107.0
5/6/2016,18860,42069.0,168326.0,275,45.0
5/7/2016,31078,78977.0,168427.0,2293,133.0
5/8/2016,31197,84464.0,168582.0,2773,157.0
5/9/2016,45724,103071.0,168779.0,1389,195.0
5/10/2016,44849,89755.0,168979.0,876,133.0
5/11/2016,51181,106139.0,169209.0,1531,147.0
5/12/2016,52273,115823.0,169407.0,1971,169.0
5/13/2016,32391,68317.0,169570.0,855,92.0
5/14/2016,42063,108807.0,169769.0,4186,212.0
5/15/2016,28662,64857.0,169933.0,1865,116.0
5/16/2016,42787,94791.0,170102.0,1362,186.0
5/17/2016,43396,80744.0,170276.0,1012,154.0
5/18/2016,44803,93320.0,170465.0,1120,121.0
5/19/2016,49184,104291.0,170680.0,1471,0.0
5/20/2016,52544,118192.0,170960.0,2349,0.0
5/21/2016,30524,72663.0,171147.0,2174,0.0
5/22/2016,37804,98270.0,171349.0,3159,0.0
5/23/2016,48578,109072.0,171680.0,1549,0.0
5/24/2016,34799,68156.0,171898.0,696,0.0
5/25/2016,53441,125803.0,172154.0,1702,0.0
5/26/2016,52134,124751.0,172386.0,1646,0.0
5/27/2016,46943,106768.0,172638.0,1988,0.0
5/28/2016,34233,95897.0,172831.0,3634,0.0
5/29/2016,36881,114069.0,173090.0,4820,0.0
5/30/2016,32627,94241.0,173422.0,2782,0.0
5/31/2016,49774,106059.0,174137.0,1492,0.0
6/1/2016,54662,127143.0,174344.0,1513,0.0
6/2/2016,54401,124918.0,174516.0,1649,0.0
6/3/2016,38975,85292.0,174633.0,1023,0.0
6/4/2016,40973,107610.0,174797.0,3824,0.0
6/5/2016,22395,54320.0,174912.0,1133,0.0
6/6/2016,52130,123879.0,175118.0,1861,0.0
6/7/2016,51761,114761.0,175293.0,1331,0.0
6/8/2016,42063,89460.0,175420.0,673,0.0
6/9/2016,52885,127585.0,175557.0,1556,0.0
6/10/2016,53235,119143.0,175697.0,2022,0.0
6/11/2016,40980,111784.0,175901.0,3432,0.0
6/12/2016,40636,117814.0,176087.0,3335,0.0
6/13/2016,49069,110720.0,176273.0,1364,0.0
6/14/2016,54813,116030.0,176467.0,1471,0.0
6/15/2016,55049,122197.0,176711.0,1524,0.0
6/16/2016,46198,100175.0,176865.0,1104,0.0
6/17/2016,54236,121671.0,177053.0,2677,0.0
6/18/2016,48901,143869.0,177210.0,6432,0.0
6/19/2016,45270,137558.0,177370.0,5555,0.0
6/20/2016,52247,119765.0,177660.0,1488,0.0
6/21/2016,53564,116215.0,177895.0,1331,0.0
6/22/2016,55749,119611.0,178168.0,1476,0.0
6/23/2016,53206,115262.0,178354.0,1253,0.0
6/24/2016,54186,123440.0,178545.0,2142,0.0
6/25/2016,43000,123815.0,178715.0,4069,0.0
6/26/2016,42992,117472.0,178893.0,3784,0.0
6/27/2016,47023,100253.0,179061.0,1400,0.0
6/28/2016,49593,99918.0,179215.0,1099,0.0
6/29/2016,54882,114793.0,179403.0,1402,0.0
6/30/2016,54843,125575.0,179625.0,1571,0.0
7/1/16,39665,82871.0,179756.0,1316,
7/2/16,35835,111151.0,179903.0,3596,
7/3/16,35347,111116.0,180016.0,4095,
7/4/16,34859,109745.0,180158.0,3826,
7/5/16,43736,92107.0,180338.0,1357,
7/6/16,51336,109240.0,180540.0,1288,
7/7/16,48724,99975.0,180725.0,1255,
7/8/16,44400,91632.0,180852.0,1258,
7/9/16,38138,107359.0,180990.0,2844,
7/10/16,41985,123282.0,181172.0,3280,
7/11/16,52853,122260.0,181381.0,1440,
7/12/16,56515,120414.0,181571.0,1472,
7/13/16,55471,121029.0,181748.0,1510,
7/14/16,50345,108541.0,181877.0,1326,
7/15/16,48558,104701.0,182016.0,1709,
7/16/16,38405,103429.0,182144.0,3281,
7/17/16,41346,120635.0,182314.0,3440,
7/18/16,43681,97216.0,182488.0,1062,
7/19/16,54587,116806.0,182624.0,1498,
7/20/16,57213,128799.0,182792.0,1601,
7/21/16,54832,128476.0,182950.0,1553,
7/22/16,49185,105666.0,183072.0,1701,
7/23/16,37522,101810.0,183177.0,2932,
7/24/16,39634,113680.0,183332.0,2966,
7/25/16,35376,85145.0,183473.0,920,
7/26/16,52904,108783.0,183595.0,1385,
7/27/16,54148,115744.0,183731.0,1403,
7/28/16,50134,98694.0,183846.0,1292,
7/29/16,37693,81355.0,183937.0,1441,
7/30/16,27780,72197.0,184039.0,2242,
7/31/16,27651,70377.0,184157.0,1641,
8/1/16,49395,101134.0,184325.0,1359,
8/2/16,56744,116187.0,184558.0,1636,
8/3/16,56992,118370.0,184766.0,1827,
8/4/16,56587,118563.0,184960.0,1778,
8/5/16,53286,116534.0,185186.0,2012,
8/6/16,44209,125188.0,185436.0,4159,
8/7/16,43631,116183.0,185682.0,3856,
8/8/16,52251,115847.0,185956.0,1753,
8/9/16,56101,114892.0,186223.0,1701,
8/10/16,50100,101761.0,186401.0,1158,
8/11/16,47420,93639.0,186596.0,1238,
8/12/16,44729,90685.0,186771.0,1467,
8/13/16,38903,100035.0,186990.0,3333,
8/14/16,32961,74055.0,187173.0,2154,
8/15/16,49056,107305.0,187394.0,1417,
8/16/16,50411,103010.0,187601.0,1295,
8/17/16,53983,113583.0,187820.0,1430,
8/18/16,53209,115041.0,187998.0,1459,
8/19/16,51658,110723.0,188186.0,1862,
8/20/16,45808,138864.0,188499.0,4385,
8/21/16,35041,96941.0,188725.0,2664,
8/22/16,54201,118995.0,188996.0,1679,
8/23/16,58665,127012.0,189297.0,1675,
8/24/16,58134,127066.0,189577.0,1597,
8/25/16,53480,111985.0,189856.0,1436,
8/26/16,52026,112005.0,190156.0,1878,
8/27/16,45673,120578.0,190480.0,3767,
8/28/16,44639,121056.0,190844.0,3560,
8/29/16,53279,115101.0,191255.0,1530,
8/30/16,57392,121098.0,191713.0,1510,
8/31/16,57200,118815.0,192380.0,1320,
9/1/16,38174,77415.0,192592.0,714,
9/2/16,52999,126790.0,192814.0,2314,
9/3/16,41629,117476.0,193055.0,4009,
9/4/16,46020,140347.0,193326.0,5467,
9/5/16,45431,118022.0,193677.0,3778,
9/6/16,52432,108743.0,194065.0,1018,
9/7/16,60278,130391.0,194396.0,1328,
9/8/16,61551,130259.0,194674.0,1511,
9/9/16,56804,118213.0,194908.0,1582,
9/10/16,48454,127252.0,195189.0,3549,
9/11/16,52238,136353.0,195499.0,3572,
9/12/16,61083,127447.0,195832.0,1620,
9/13/16,64818,135366.0,196122.0,1462,
9/14/16,58928,121511.0,196388.0,1369,
9/15/16,67312,140436.0,196637.0,1612,
9/16/16,65257,145454.0,196886.0,2047,
9/17/16,59199,154037.0,197163.0,5117,
9/18/16,51685,131788.0,197449.0,3191,
9/19/16,34205,67180.0,197620.0,555,
9/20/16,64881,135085.0,197880.0,1454,
9/21/16,65453,142356.0,198118.0,1566,
9/22/16,67762,146370.0,198363.0,1681,
9/23/16,65499,142458.0,198577.0,2053,
9/24/16,53258,137355.0,198827.0,3990,
9/25/16,53563,143312.0,199198.0,3871,
9/26/16,61120,128011.0,199480.0,1375,
9/27/16,61334,122347.0,199739.0,1175,
9/28/16,59456,120072.0,199989.0,931,
9/29/16,55550,104364.0,200201.0,808,
9/30/16,21368,45194.0,200447.0,175,
10/1/2016,39809,91771.0,200544.0,2017,
10/2/2016,41018,100425.0,200664.0,2147,
10/3/2016,56369,116682.0,200829.0,1514,
10/4/2016,60196,123551.0,200954.0,1035,
10/5/2016,65031,126942.0,201115.0,1240,
10/6/2016,67580,137567.0,201234.0,1580,
10/7/2016,65881,142612.0,201369.0,2398,
10/8/2016,34624,86818.0,201485.0,2002,
10/9/2016,21687,46334.0,201539.0,713,
10/10/2016,52248,107487.0,201664.0,2013,
10/11/2016,58754,113228.0,201761.0,1172,
10/12/2016,57497,119851.0,201880.0,1170,
10/13/2016,61209,117523.0,201984.0,1064,
10/14/2016,60561,123000.0,202090.0,1592,
10/15/2016,51991,138233.0,202215.0,3904,
10/16/2016,48866,126550.0,202343.0,3195,
10/17/2016,62649,132131.0,202502.0,1447,
10/18/2016,68224,143635.0,202653.0,1656,
10/19/2016,69758,145347.0,202772.0,1902,
10/20/2016,63668,131686.0,202893.0,1377,
10/21/2016,40865,80787.0,202960.0,724,
10/22/2016,25301,55557.0,203019.0,658,
10/23/2016,41462,99878.0,203137.0,2616,
10/24/2016,55254,106893.0,203269.0,1145,
10/25/2016,52667,96848.0,203349.0,716,
10/26/2016,52466,103870.0,203410.0,809,
10/27/2016,21054,39660.0,203449.0,101,
10/28/2016,46233,89857.0,203492.0,766,
10/29/2016,42513,103274.0,203579.0,2615,
10/30/2016,37760,107572.0,203697.0,2971,
10/31/2016,50071,107875.0,203787.0,1090,
11/1/2016,55944,110056.0,203888.0,868,
11/2/2016,62133,133258.0,203993.0,1242,
11/3/2016,59632,124673.0,204108.0,943,
11/4/2016,57867,126507.0,204195.0,1538,
11/5/2016,48687,128639.0,204301.0,3416,
11/6/2016,39413,104186.0,204428.0,2293,
11/7/2016,49883,106484.0,204520.0,972,
11/8/2016,56589,123718.0,204616.0,1137,
11/9/2016,38050,75883.0,204660.0,257,
11/10/2016,50863,111472.0,204728.0,813,
11/11/2016,45826,105021.0,204802.0,1248,
11/12/2016,34664,86968.0,204865.0,1916,
11/13/2016,36806,95679.0,204958.0,2076,
11/14/2016,48810,113590.0,205034.0,728,
11/15/2016,22884,48797.0,205073.0,105,
11/16/2016,53328,107831.0,205170.0,703,
11/17/2016,53889,109418.0,205231.0,711,
11/18/2016,53370,109802.0,205286.0,1051,
11/19/2016,41208,98021.0,205376.0,2272,
11/20/2016,20616,45772.0,205407.0,350,
11/21/2016,32964,69754.0,205449.0,148,
11/22/2016,36723,72592.0,205479.0,290,
11/23/2016,34462,73005.0,205501.0,481,
11/24/2016,12122,42343.0,205518.0,641,
11/25/2016,20980,62444.0,205545.0,1011,
11/26/2016,23810,65654.0,205572.0,1356,
11/27/2016,24076,74381.0,205607.0,945,
11/28/2016,42086,83300.0,205667.0,485,
11/29/2016,14584,30989.0,205696.0,48,
11/30/2016,24434,52424.0,205729.0,117,
12/1/2016,43233,90239.0,205762.0,389,
12/2/2016,42358,89092.0,205794.0,440,
12/3/2016,29853,70853.0,205824.0,854,
12/4/2016,27454,71729.0,205857.0,930,
12/5/2016,35927,80214.0,205897.0,278,
12/6/2016,33325,67187.0,205939.0,228,
12/7/2016,38010,76605.0,205967.0,270,
12/8/2016,39621,72219.0,205998.0,235,
12/9/2016,33540,63950.0,206021.0,214,
12/10/2016,22379,52716.0,206033.0,490,
12/11/2016,17798,41740.0,206049.0,287,
12/12/2016,29035,58701.0,206066.0,175,
12/13/2016,39023,68858.0,206090.0,299,
12/14/2016,37799,71798.0,206130.0,257,
12/15/2016,25002,45840.0,206145.0,80,
12/16/16,24484,48288.0,206171.0,139,
12/17/16,6993,22363.0,206176.0,36,
12/18/16,16295,38459.0,206200.0,168,
12/19/16,25648,50405.0,206225.0,119,
12/20/16,27677,50408.0,206250.0,202,
12/21/16,30611,55746.0,206270.0,244,
12/22/16,30874,56441.0,206293.0,302,
12/23/16,26335,53318.0,206320.0,399,
12/24/16,8014,28033.0,206334.0,147,
12/25/16,9919,38209.0,206369.0,1052,
12/26/16,10774,32446.0,206400.0,315,
12/27/16,25946,61379.0,206450.0,960,
12/28/16,23596,52937.0,206476.0,619,
12/29/16,13202,29631.0,206503.0,104,
12/30/16,21366,45743.0,206543.0,641,
12/31/16,15925,46810.0,206585.0,798,
1/1/17,16009,50761.0,206624.0,1237,33
1/2/17,8921,21545.0,206675.0,142,15
1/3/17,14198,25879.0,206728.0,42,15
1/4/17,34039,69966.0,206778.0,475,29
1/5/17,28393,52446.0,206845.0,214,17
1/6/17,24177,48964.0,206879.0,157,17
1/7/17,4425,23556.0,206892.0,21,4
1/8/17,6417,22756.0,206907.0,27,2
1/9/17,15856,35209.0,206933.0,30,2
1/10/17,23232,46216.0,206955.0,67,12
1/11/17,32419,63099.0,206981.0,208,37
1/12/17,39783,84763.0,207021.0,479,30
1/13/17,33611,75847.0,207059.0,373,43
1/14/17,13819,43090.0,207087.0,252,33
1/15/17,17384,50738.0,207120.0,476,19
1/16/17,24110,51664.0,207163.0,448,30
1/17/17,18646,40697.0,207198.0,63,15
1/18/17,30857,57978.0,207224.0,146,17
1/19/17,36561,72077.0,207262.0,391,27
1/20/17,26752,56479.0,207288.0,184,19
1/21/17,26610,64662.0,207336.0,957,31
1/22/17,20523,49368.0,207368.0,520,25
1/23/17,15822,37687.0,207399.0,54,20
1/24/17,13171,35619.0,207414.0,28,5
1/25/17,36931,71418.0,207453.0,301,29
1/26/17,33002,63750.0,207501.0,223,28
1/27/17,32394,70189.0,207540.0,231,23
1/28/17,21302,53955.0,207567.0,402,25
1/29/17,22527,62854.0,207620.0,585,26
1/30/17,29616,59975.0,207673.0,163,32
1/31/17,25169,48684.0,207706.0,62,19
2/1/17,35221,77639.0,207749.0,194,22
2/2/17,34517,70727.0,207793.0,216,27
2/3/17,29632,64701.0,207825.0,181,32
2/4/17,19204,45120.0,207861.0,413,14
2/5/17,20059,50532.0,207890.0,337,19
2/6/17,33415,72513.0,207930.0,305,49
2/7/17,23053,57760.0,207962.0,54,17
2/8/17,40428,90430.0,208011.0,483,32
2/9/17,0,0.0,208018.0,0,0
2/10/17,1997,8344.0,208030.0,15,1
2/11/17,8959,26272.0,208037.0,170,13
2/12/17,5801,26468.0,208054.0,26,5
2/13/17,23857,58710.0,208076.0,72,18
2/14/17,29668,78530.0,208099.0,154,16
2/15/17,32052,72383.0,208137.0,170,30
2/16/17,29120,63551.0,208163.0,104,16
2/17/17,28735,67530.0,208200.0,247,37
2/18/17,30571,99126.0,208258.0,2078,114
2/19/17,36963,125166.0,208347.0,3746,122
2/20/17,32292,91412.0,208436.0,1512,75
2/21/17,32643,84767.0,208516.0,308,48
2/22/17,38119,90651.0,208594.0,439,36
2/23/17,42434,98554.0,208658.0,828,88
2/24/17,47031,117155.0,208767.0,1534,119
2/25/17,33345,104309.0,208886.0,2035,77
2/26/17,24713,75196.0,208966.0,849,33
2/27/17,35984,80194.0,209035.0,388,42
2/28/17,41835,92642.0,209119.0,504,60
3/1/17,40592,85944.0,209229.0,393,51
3/2/17,35739,73839.0,209310.0,320,44
3/3/17,31105,68702.0,209370.0,292,39
3/4/17,15646,43108.0,209404.0,252,14
3/5/17,15919,50924.0,209451.0,312,22
3/6/17,32467,72776.0,209536.0,321,39
3/7/17,29683,63654.0,209587.0,181,29
3/8/17,43470,101573.0,209656.0,694,55
3/9/17,45251,99450.0,209728.0,764,34
3/10/17,18412,41971.0,209758.0,95,15
3/11/17,15185,48379.0,209781.0,183,27
3/12/17,13442,38114.0,209799.0,167,9
3/13/17,27417,58768.0,209827.0,205,14
3/14/17,0,0.0,209843.0,0,0
3/15/17,0,0.0,209859.0,0,0
3/16/17,0,0.0,209870.0,0,0
3/17/17,7098,25393.0,209888.0,151,15
3/18/17,4106,17446.0,209910.0,93,6
3/19/17,10550,33344.0,209943.0,339,21
3/20/17,27378,60363.0,210002.0,288,21
3/21/17,36824,78104.0,210073.0,479,47
3/22/17,26927,55713.0,210121.0,140,15
3/23/17,29885,74345.0,210160.0,291,25
3/24/17,34019,82681.0,210199.0,485,39
3/25/17,29647,86293.0,210267.0,1721,60
3/26/17,19893,55139.0,210318.0,546,30
3/27/17,26301,59614.0,210388.0,318,40
3/28/17,21590,46003.0,210448.0,91,20
3/29/17,42430,91525.0,210559.0,830,97
3/30/17,39746,91041.0,210623.0,669,61
3/31/17,6946,23462.0,210670.0,20,5
4/1/17,23849,67299.0,210739.0,767,43
4/2/17,39779,130087.0,210915.0,3639,58
4/3/17,43484,104217.0,211075.0,970,68
4/4/17,29990,63091.0,211171.0,183,23
4/5/17,47635,108281.0,211310.0,1192,59
4/6/17,18020,44411.0,211362.0,67,12
4/7/17,35779,81358.0,211440.0,456,43
4/8/17,35936,108886.0,211589.0,2719,83
4/9/17,43895,137240.0,211806.0,4390,114
4/10/17,50422,124356.0,212050.0,2164,139
4/11/17,57309,150222.0,212298.0,2699,135
4/12/17,51188,113959.0,212484.0,1493,108
4/13/17,52915,131228.0,212648.0,2388,129
4/14/17,52230,149382.0,212812.0,3451,273
4/15/17,42531,134526.0,212950.0,3981,235
4/16/17,48137,157912.0,213172.0,6143,361
4/17/17,53247,127619.0,213385.0,2019,234
4/18/17,53809,126129.0,213580.0,1624,194
4/19/17,45788,97587.0,213703.0,738,55
4/20/17,44260,108427.0,213819.0,1065,172
4/21/17,39868,92348.0,213913.0,1194,129
4/22/17,34596,101444.0,214028.0,5173,102
4/23/17,49106,142563.0,214278.0,4541,420
4/24/17,48692,103241.0,214462.0,1143,123
4/25/17,20332,47829.0,214552.0,201,36
4/26/17,37727,81859.0,214654.0,595,109
4/27/17,52035,122394.0,214793.0,1412,266
4/28/17,62199,163665.0,214965.0,2963,458
4/29/17,57701,180290.0,215219.0,5699,562
4/30/17,42928,125305.0,215455.0,2921,340
5/1/17,56218,136675.0,215724.0,1813,311
5/2/17,61205,142585.0,216017.0,1827,309
5/3/17,59251,141936.0,216239.0,1537,247
5/4/17,57428,144583.0,216436.0,1626,239
5/5/17,24009,58278.0,216535.0,355,52
5/6/17,46616,127879.0,216768.0,3349,363
5/7/17,34293,90625.0,216928.0,1921,196
5/8/17,51553,114260.0,217147.0,1230,253
5/9/17,56461,118257.0,217341.0,1179,199
5/10/17,58452,136080.0,217512.0,1362,225
5/11/17,57208,135699.0,217673.0,1313,205
5/12/17,56671,132477.0,217840.0,1784,189
5/13/17,5704,28193.0,217905.0,117,0
5/14/17,38729,114819.0,218120.0,2664,222
5/15/17,54715,129870.0,218356.0,1279,185
5/16/17,64504,157411.0,218690.0,1850,283
5/17/17,65791,153500.0,219023.0,1864,241
5/18/17,63753,149837.0,219304.0,1929,270
5/19/17,62143,145832.0,219564.0,2310,275
5/20/17,47858,135405.0,219776.0,3486,251
5/21/17,54873,160019.0,220097.0,4903,287
5/22/17,24627,61049.0,220269.0,218,22
5/23/17,60024,139680.0,220513.0,1579,224
5/24/17,60621,135482.0,220735.0,1558,153
5/25/17,17494,50743.0,220840.0,143,27
5/26/17,53763,133402.0,221049.0,2224,306
5/27/17,46533,145924.0,221271.0,4590,511
5/28/17,46724,151063.0,221515.0,5229,374
5/29/17,26321,75825.0,221745.0,1149,77
5/30/17,50192,114629.0,222057.0,962,204
5/31/17,59494,142097.0,222764.0,1596,197
6/1/17,67404,163063.0,222977.0,1957,289
6/2/17,66905,157299.0,223162.0,2315,357
6/3/17,56263,155712.0,223356.0,4627,356
6/4/17,40138,100571.0,223520.0,2270,103
6/5/17,55882,123795.0,223719.0,1286,204
6/6/17,41268,86679.0,223834.0,523,89
6/7/17,64452,149853.0,223969.0,1536,258
6/8/17,62652,132716.0,224131.0,1631,266
6/9/17,66504,156787.0,224289.0,2513,313
6/10/17,57086,150903.0,224455.0,4764,296
6/11/17,51427,140711.0,224654.0,3941,179
6/12/17,57870,133564.0,224889.0,1561,201
6/13/17,60920,129444.0,225078.0,1407,179
6/14/17,60510,137988.0,225231.0,1573,218
6/15/17,64761,144513.0,225430.0,1885,227
6/16/17,56401,128201.0,225556.0,1507,177
6/17/17,34899,83755.0,225683.0,2243,209
6/18/17,49469,138414.0,225864.0,3730,295
6/19/17,38308,88057.0,226025.0,878,158
6/20/17,64670,146794.0,226220.0,1781,215
6/21/17,67215,154525.0,226394.0,1666,258
6/22/17,66304,158453.0,226589.0,1818,260
6/23/17,55321,129797.0,226695.0,1585,205
6/24/17,52150,141282.0,226849.0,4277,314
6/25/17,54645,158625.0,227015.0,4527,256
6/26/17,62661,145321.0,227211.0,2024,297
6/27/17,64762,151112.0,227418.0,1697,229
6/28/17,67740,159263.0,227679.0,1893,208
6/29/17,64260,146419.0,227855.0,1703,210
6/30/17,58660,132583.0,228047.0,2024,293
7/1/17,36737,107126.0,228157.0,2828,372
7/2/17,43035,128397.0,228306.0,4314,458
7/3/17,48193,130240.0,228473.0,3243,316
7/4/17,49924,146441.0,228669.0,4929,315
7/5/17,60321,149487.0,228908.0,1886,267
7/6/17,62147,140767.0,229085.0,1646,264
7/7/17,44068,103656.0,229241.0,1283,216
7/8/17,55015,146438.0,229453.0,4138,333
7/9/17,57118,159914.0,229680.0,4471,340
7/10/17,60908,141463.0,229933.0,1546,359
7/11/17,61670,141463.0,230159.0,1269,227
7/12/17,61786,132874.0,230336.0,1376,179
7/13/17,56475,126527.0,230514.0,1322,180
7/14/17,31851,70477.0,230610.0,570,101
7/15/17,56499,148067.0,230772.0,4761,378
7/16/17,56833,153666.0,230981.0,4497,308
7/17/17,62555,141323.0,231225.0,1675,289
7/18/17,66234,144623.0,231416.0,1724,243
7/19/17,63916,143277.0,231603.0,1617,267
7/20/17,59665,131871.0,231741.0,1439,229
7/21/17,60074,136330.0,231882.0,1929,304
7/22/17,48013,124272.0,232049.0,3634,332
7/23/17,46945,117035.0,232212.0,3164,249
7/24/17,43793,104460.0,232359.0,989,113
7/25/17,65339,148542.0,232521.0,1549,285
7/26/17,70329,168603.0,232674.0,2054,248
7/27/17,65773,144443.0,232820.0,1666,214
7/28/17,63911,151514.0,232984.0,2293,297
7/29/17,52955,132509.0,233138.0,4085,324
7/30/17,59364,165423.0,233360.0,5214,376
7/31/17,64231,153123.0,233614.0,1862,263
8/1/17,66676,147654.0,233824.0,1813,272
8/2/17,56179,122622.0,233958.0,3291,139
8/3/17,66144,146858.0,234160.0,1849,257
8/4/17,56391,128749.0,234312.0,2212,325
8/5/17,58966,169511.0,234524.0,5299,415
8/6/17,56473,161492.0,234715.0,4686,292
8/7/17,23395,55927.0,234851.0,249,34
8/8/17,65228,145901.0,235084.0,1738,331
8/9/17,67874,170524.0,235283.0,1952,300
8/10/17,66245,151415.0,235457.0,1834,262
8/11/17,63134,147098.0,235623.0,2360,358
8/12/17,60531,173581.0,235890.0,5409,405
8/13/17,57511,162040.0,236098.0,4755,337
8/14/17,61460,139535.0,236328.0,1816,294
8/15/17,52460,105695.0,236504.0,948,125
8/16/17,68434,159032.0,236681.0,1905,251
8/17/17,66654,156810.0,236872.0,2087,261
8/18/17,36619,90704.0,236984.0,840,124
8/19/17,62440,186037.0,237324.0,5992,461
8/20/17,55438,147379.0,237518.0,4218,313
8/21/17,61055,138059.0,237710.0,1832,277
8/22/17,60541,133409.0,237878.0,1477,260
8/23/17,65069,141360.0,238057.0,1712,219
8/24/17,66306,151449.0,238257.0,1820,315
8/25/17,64217,156344.0,238406.0,2316,325
8/26/17,50111,132832.0,238546.0,3621,214
8/27/17,54594,145524.0,238771.0,4135,278
8/28/17,60885,133126.0,239016.0,1616,272
8/29/17,35151,67448.0,239163.0,424,104
8/30/17,65328,147325.0,239347.0,1760,309
8/31/17,64881,144852.0,239519.0,1727,260
9/1/17,54881,129382.0,239653.0,1775,294
9/2/17,37810,107949.0,239785.0,3359,420
9/3/17,30955,83988.0,239906.0,2394,175
9/4/17,55284,164623.0,240126.0,5298,362
9/5/17,65443,140362.0,240378.0,1607,265
9/6/17,42318,86395.0,240541.0,445,90
9/7/17,69571,148669.0,240750.0,1542,356
9/8/17,69616,154397.0,240903.0,1976,322
9/9/17,60187,150847.0,241108.0,4196,272
9/10/17,60750,154588.0,241329.0,4056,301
9/11/17,71964,166177.0,241563.0,1992,276
9/12/17,74623,161263.0,241775.0,1737,238
9/13/17,69616,146802.0,241991.0,1471,199
9/14/17,72128,150535.0,242211.0,1551,244
9/15/17,72361,160138.0,242393.0,2088,323
9/16/17,61077,156839.0,242552.0,4304,297
9/17/17,60003,156834.0,242748.0,3869,229
9/18/17,64207,138078.0,242968.0,1387,190
9/19/17,57977,115451.0,243128.0,914,146
9/20/17,71222,150377.0,243309.0,1385,202
9/21/17,67799,152463.0,243503.0,1690,191
9/22/17,70192,163114.0,243715.0,2315,259
9/23/17,62748,165582.0,243967.0,4821,322
9/24/17,57503,148926.0,244277.0,3681,176
9/25/17,69271,156367.0,244551.0,1537,258
9/26/17,71566,156779.0,244809.0,1359,257
9/27/17,69942,147977.0,245051.0,1268,200
9/28/17,70951,148394.0,245299.0,1490,224
9/29/17,67246,141709.0,245558.0,1875,288
9/30/17,50200,113613.0,245923.0,2694,214
10/1/17,55503,139011.0,246193.0,3511,235
10/2/17,65509,141748.0,246402.0,1408,242
10/3/17,69105,135800.0,246566.0,1258,194
10/4/17,71453,150324.0,246742.0,1377,188
10/5/17,70173,150437.0,246893.0,1365,251
10/6/17,70249,148395.0,247025.0,2104,383
10/7/17,63630,153928.0,247206.0,4996,356
10/8/17,41039,100790.0,247336.0,2233,192
10/9/17,38390,78912.0,247453.0,594,84
10/10/17,74117,155978.0,247615.0,2016,312
10/11/17,63587,126748.0,247767.0,1146,161
10/12/17,61244,123433.0,247896.0,1070,169
10/13/17,67016,136608.0,248038.0,1768,308
10/14/17,58771,142476.0,248167.0,3680,347
10/15/17,56529,137364.0,248382.0,3381,276
10/16/17,61729,125800.0,248552.0,997,192
10/17/17,64480,122345.0,248712.0,1030,170
10/18/17,70233,147842.0,248878.0,1202,249
10/19/17,72311,143664.0,249016.0,1491,274
10/20/17,72174,157255.0,249162.0,2246,351
10/21/17,65872,169402.0,249378.0,5093,276
10/22/17,62148,153444.0,249596.0,4596,200
10/23/17,69273,143899.0,249825.0,1659,279
10/24/17,48077,95599.0,249930.0,466,82
10/25/17,71284,142007.0,250090.0,1133,246
10/26/17,64002,123419.0,250187.0,973,191
10/27/17,69265,139481.0,250319.0,1991,352
10/28/17,61345,143571.0,250499.0,4306,317
10/29/17,9537,20810.0,250556.0,213,8
10/30/17,49246,95502.0,250681.0,771,121
10/31/17,60242,115329.0,250892.0,1076,166
11/1/17,60772,111304.0,250975.0,717,125
11/2/17,70810,144455.0,251060.0,1485,291
11/3/17,71817,147055.0,251163.0,2275,335
11/4/17,53433,120119.0,251269.0,3086,243
11/5/17,34943,76281.0,251349.0,1263,80
11/6/17,57606,116318.0,251433.0,1052,133
11/7/17,36361,69588.0,251487.0,643,77
11/8/17,54211,107852.0,251537.0,597,95
11/9/17,58416,113119.0,251591.0,837,171
11/10/17,38432,74794.0,251614.0,425,82
11/11/17,28142,55350.0,251657.0,832,64
11/12/17,32471,73187.0,251699.0,1191,62
11/13/17,38752,72112.0,251751.0,314,47
11/14/17,52278,95328.0,251802.0,493,59
11/15/17,54230,104590.0,251842.0,524,70
11/16/17,49737,93532.0,251884.0,521,74
11/17/17,48989,93476.0,251928.0,712,74
11/18/17,27745,58136.0,251965.0,872,53
11/19/17,31597,66078.0,252008.0,1020,64
11/20/17,45120,85295.0,252041.0,501,49
11/21/17,52448,95288.0,252075.0,960,69
11/22/17,32297,69530.0,252103.0,458,64
11/23/17,13705,32527.0,252115.0,806,103
11/24/17,23723,64012.0,252151.0,1129,95
11/25/17,30510,73542.0,252184.0,1995,85
11/26/17,27180,60652.0,252227.0,904,63
11/27/17,46732,99410.0,252277.0,553,46
11/28/17,51166,97329.0,252316.0,455,58
11/29/17,55290,107040.0,252365.0,638,71
11/30/17,51699,97110.0,252414.0,509,83
12/1/17,50708,99868.0,252473.0,695,123
12/2/17,38922,83660.0,252514.0,1513,100
12/3/17,33728,77915.0,252561.0,1037,66
12/4/17,49630,92142.0,252618.0,649,63
12/5/17,41792,85008.0,252686.0,381,57
12/6/17,46335,87328.0,252724.0,368,55
12/7/17,45367,94653.0,252761.0,427,65
12/8/17,41330,81217.0,252791.0,443,58
12/9/17,10804,20955.0,252811.0,112,15
12/10/17,19815,43621.0,252830.0,287,26
12/11/17,41838,81071.0,252869.0,456,38
12/12/17,42620,88499.0,252915.0,262,42
12/13/17,32623,60051.0,252942.0,155,20
12/14/17,27494,49648.0,252960.0,134,10
12/15/17,22944,41598.0,252980.0,130,9
12/16/17,19060,38766.0,252992.0,240,24
12/17/17,22403,49790.0,253011.0,343,27
12/18/17,40168,79914.0,253054.0,409,34
12/19/17,49503,97301.0,253087.0,541,42
12/20/17,41461,78833.0,253142.0,422,40
12/21/17,37592,70297.0,253180.0,386,47
12/22/17,34338,62387.0,253212.0,506,23
12/23/17,9608,24205.0,253228.0,112,10
12/24/17,13215,37985.0,253250.0,492,39
12/25/17,6479,26767.0,253293.0,439,27
12/26/17,14113,32919.0,253324.0,220,29
12/27/17,16365,31793.0,253346.0,234,33
12/28/17,13419,34438.0,253365.0,121,17
12/29/17,13759,29284.0,253395.0,177,17
12/30/17,5956,13910.0,253407.0,53,10
12/31/17,6569,18326.0,253443.0,94,2
1/1/2018,5499,11483.0,253490.0,123,7
1/2/2018,18818,39352.0,253558.0,125,12
1/3/2018,24299,42853.0,253591.0,164,4
1/4/2018,1922,5328.0,253604.0,2,1
1/5/2018,4972,14303.0,253614.0,14,0
1/6/2018,4294,9479.0,253624.0,9,2
1/7/2018,5640,9387.0,253640.0,41,4
1/8/2018,15820,31294.0,253661.0,45,4
1/9/2018,25090,50981.0,253690.0,112,17
1/10/2018,28252,50218.0,253720.0,142,18
1/11/2018,33961,66584.0,253757.0,244,15
1/12/2018,22252,46403.0,253786.0,152,16
1/13/2018,17758,30418.0,253809.0,355,31
1/14/2018,12394,32949.0,253827.0,183,9
1/15/2018,17637,41770.0,253857.0,150,8
1/16/2018,30278,60053.0,253895.0,189,13
1/17/2018,19010,36319.0,253921.0,52,12
1/18/2018,27662,52573.0,253952.0,92,18
1/19/2018,30525,50322.0,253983.0,216,15
1/20/2018,28507,59336.0,254025.0,1044,41
1/21/2018,27908,61571.0,254092.0,1013,26
1/22/2018,36864,68638.0,254144.0,345,25
1/23/2018,28796,63693.0,254191.0,179,19
1/24/2018,36078,69596.0,254236.0,232,32
1/25/2018,31147,51927.0,254263.0,181,16
1/26/2018,33073,61857.0,254301.0,313,23
1/27/2018,34348,70146.0,254368.0,1415,41
1/28/2018,20100,38221.0,254415.0,334,22
1/29/2018,36799,68868.0,254466.0,274,33
1/30/2018,27996,59260.0,254492.0,114,15
1/31/2018,31276,54440.0,254539.0,141,19
2/1/2018,35561,66984.0,254590.0,212,27
2/2/2018,26313,50427.0,254620.0,129,18
2/3/2018,18385,40020.0,254640.0,263,23
2/4/2018,13959,35121.0,254670.0,224,7
2/5/2018,29068,56061.0,254725.0,193,21
2/6/2018,34102,68060.0,254760.0,160,18
2/7/2018,15289,31573.0,254781.0,30,4
2/8/2018,31563,60985.0,254806.0,168,20
2/9/2018,31567,57070.0,254833.0,223,25
2/10/2018,16323,37641.0,254857.0,343,26
2/11/2018,8809,21167.0,254877.0,85,2
2/12/2018,35138,68283.0,254922.0,339,40
2/13/2018,35189,69420.0,254968.0,252,31
2/14/2018,39591,80081.0,255002.0,408,39
2/15/2018,44193,88474.0,255044.0,501,28
2/16/2018,29191,57219.0,255088.0,316,37
2/17/2018,17921,38834.0,255118.0,537,51
2/18/2018,21537,50512.0,255151.0,938,40
2/19/2018,25677,62150.0,255217.0,553,50
2/20/2018,44478,98129.0,255306.0,906,85
2/21/2018,53110,118306.0,255430.0,1596,77
2/22/2018,27010,54857.0,255485.0,147,18
2/23/2018,25633,49639.0,255534.0,165,22
2/24/2018,25550,61251.0,255597.0,956,51
2/25/2018,16149,34052.0,255654.0,231,18
2/26/2018,42570,84614.0,255747.0,448,54
2/27/2018,48514,107682.0,255836.0,664,48
2/28/2018,50707,100855.0,255944.0,637,52
3/1/2018,45562,91489.0,256022.0,571,45
3/2/2018,6855,23277.0,256050.0,21,7
3/3/2018,28361,61107.0,256117.0,851,56
3/4/2018,25262,60490.0,256189.0,704,33
3/5/2018,36774,75190.0,256263.0,357,47
3/6/2018,42688,80995.0,256307.0,516,27
3/7/2018,8188,22312.0,256333.0,16,7
3/8/2018,28440,53403.0,256360.0,188,17
3/9/2018,34912,70068.0,256393.0,344,43
3/10/2018,25443,59343.0,256438.0,689,43
3/11/2018,27596,67622.0,256517.0,1173,46
3/12/2018,36339,76569.0,256578.0,351,39
3/13/2018,23137,46021.0,256623.0,133,14
3/14/2018,35377,62352.0,256673.0,269,39
3/15/2018,39572,72192.0,256724.0,462,66
3/16/2018,34921,62381.0,256763.0,383,55
3/17/2018,27671,62524.0,256823.0,1015,56
3/18/2018,25158,55182.0,256880.0,839,36
3/19/2018,39278,83086.0,256933.0,544,39
3/20/2018,35532,69573.0,256986.0,187,17
3/21/2018,3755,11799.0,257004.0,3,1
3/22/2018,27308,61715.0,257040.0,216,25
3/23/2018,38527,77668.0,257098.0,543,55
3/24/2018,34396,79562.0,257167.0,1755,88
3/25/2018,25562,62656.0,257226.0,710,24
3/26/2018,40295,88831.0,257315.0,718,87
3/27/2018,41354,88986.0,257378.0,524,63
3/28/2018,41880,80607.0,257447.0,586,64
3/29/2018,39288,84590.0,257501.0,544,65
3/30/2018,34784,78825.0,257584.0,1006,147
3/31/2018,41779,109399.0,257701.0,3856,151
4/1/18,33148,94040.0,257811.0,2363,264
4/2/18,22062,50418.0,257889.0,297,20
4/3/18,25883,59477.0,257942.0,189,21
4/4/18,36755,80049.0,258025.0,611,48
4/5/18,39814,87382.0,258086.0,972,112
4/6/18,35624,83643.0,258143.0,918,101
4/7/18,33245,79955.0,258231.0,1661,129
4/8/18,28410,67056.0,258324.0,1271,75
4/9/18,40509,87612.0,258423.0,614,62
4/10/18,43051,89629.0,258498.0,475,37
4/11/18,48612,104081.0,258599.0,894,114
4/12/18,53168,114400.0,258754.0,1095,146
4/13/18,63503,150894.0,258926.0,3168,262
4/14/18,62595,185232.0,259171.0,7643,346
4/15/18,20440,58497.0,259252.0,525,21
4/16/18,26288,65284.0,259344.0,452,31
4/17/18,44689,104884.0,259470.0,589,85
4/18/18,51110,112664.0,259583.0,996,152
4/19/18,38298,79890.0,259704.0,407,52
4/20/18,47049,101982.0,259820.0,1241,133
4/21/18,63594,179681.0,260015.0,3142,214
4/22/18,54282,149532.0,260257.0,5399,265
4/23/18,57764,131224.0,260545.0,1976,191
4/24/18,58523,126491.0,260740.0,1529,159
4/25/18,31213,63086.0,260861.0,403,36
4/26/18,66074,150788.0,261062.0,2578,294
4/27/18,39153,85566.0,261172.0,823,70
4/28/18,56735,158334.0,261434.0,6129,369
4/29/18,44825,130649.0,261651.0,3594,266
4/30/18,41074,91215.0,261874.0,751,66
5/1/18,72035,173896.0,262154.0,3155,390
5/2/18,76773,189852.0,262535.0,3270,329
5/3/18,69053,165326.0,262816.0,2931,282
5/4/18,71197,177291.0,263103.0,3595,360
5/5/18,63325,167568.0,263371.0,6557,334
5/6/18,48993,120205.0,263632.0,3484,289
5/7/18,68915,156297.0,263992.0,2973,311
5/8/18,74310,174749.0,264308.0,3046,356
5/9/18,78454,183295.0,264589.0,3038,303
5/10/18,67454,153260.0,264852.0,2408,275
5/11/18,75262,184114.0,265052.0,4240,314
5/12/18,34535,91563.0,265150.0,2227,92
5/13/18,25985,67247.0,265260.0,1237,58
5/14/18,64727,147144.0,265465.0,2553,273
5/15/18,52826,118790.0,265682.0,1949,186
5/16/18,32766,75694.0,265811.0,493,45
5/17/18,49788,107763.0,265936.0,1755,113
5/18/18,63112,146437.0,266075.0,2663,240
5/19/18,18026,45461.0,266135.0,639,53
5/20/18,56946,158983.0,266399.0,5458,304
5/21/18,71218,172936.0,266669.0,3551,267
5/22/18,48508,109420.0,266868.0,1090,103
5/23/18,72653,170812.0,267098.0,2952,294
5/24/18,74808,177631.0,267330.0,3417,294
5/25/18,69342,174715.0,267536.0,4381,336
5/26/18,51592,155957.0,267703.0,6129,417
5/27/18,25813,78075.0,267815.0,1631,82
5/28/18,49040,140226.0,268037.0,5148,267
5/29/18,69090,170334.0,268305.0,2896,249
5/30/18,72321,159297.0,268645.0,2742,216
5/31/18,55798,123710.0,268998.0,1414,101
6/1/18,62890,147780.0,269167.0,3049,250
6/2/18,60287,158528.0,269371.0,5634,307
6/3/18,50041,134416.0,269544.0,3892,154
6/4/18,58910,130774.0,269763.0,2372,166
6/5/18,71906,155007.0,269934.0,2682,199
6/6/18,69797,154726.0,270119.0,2479,173
6/7/18,70478,160532.0,270274.0,2808,198
6/8/18,72696,163188.0,270455.0,3915,283
6/9/18,65239,171623.0,270657.0,6917,292
6/10/18,41639,106867.0,270825.0,3136,112
6/11/18,68060,154381.0,271146.0,3044,243
6/12/18,76255,166828.0,271364.0,3260,215
6/13/18,64270,144934.0,271541.0,2044,104
6/14/18,75803,173109.0,271708.0,3359,227
6/15/18,72417,160081.0,271883.0,4005,296
6/16/18,63182,165240.0,272071.0,7037,339
6/17/18,56218,146611.0,272306.0,5760,232
6/18/18,63551,136481.0,272522.0,2498,206
6/19/18,72168,153883.0,272780.0,2902,230
6/20/18,74088,165836.0,272950.0,2929,231
6/21/18,70050,158375.0,273114.0,3026,262
6/22/18,71084,156062.0,273291.0,3736,263
6/23/18,51028,118620.0,273422.0,4172,207
6/24/18,55775,152057.0,273615.0,5862,232
6/25/18,71747,163026.0,273820.0,3441,221
6/26/18,80643,171973.0,274006.0,3442,254
6/27/18,67647,140557.0,274165.0,2457,183
6/28/18,50431,104860.0,274290.0,1967,154
6/29/18,69856,151785.0,274467.0,3940,326
6/30/18,54713,134347.0,274628.0,5425,360
7/1/18,45265,120484.0,274813.0,4209,211
7/2/18,58633,130122.0,275016.0,2702,241
7/3/18,54882,113998.0,275157.0,2358,199
7/4/18,48368,136287.0,275304.0,5662,250
7/5/18,59471,133659.0,275487.0,3344,264
7/6/18,49504,111660.0,275614.0,2650,189
7/7/18,60916,173852.0,275793.0,7284,349
7/8/18,60486,171826.0,275988.0,6667,310
7/9/18,70063,153650.0,276203.0,3103,283
7/10/18,72501,147441.0,276399.0,2999,227
7/11/18,73011,163349.0,276553.0,3049,170
7/12/18,74857,161182.0,276703.0,3520,231
7/13/18,72113,156285.0,276858.0,3998,294
7/14/18,62556,157266.0,277000.0,7241,334
7/15/18,52295,132234.0,277133.0,5121,248
7/16/18,67072,146307.0,277344.0,3101,278
7/17/18,48495,97913.0,277466.0,1558,129
7/18/18,75706,169481.0,277703.0,3578,247
7/19/18,78004,141327.0,277891.0,3938,280
7/20/18,74539,136511.0,278052.0,4590,275
7/21/18,53651,114977.0,278195.0,6266,309
7/22/18,44284,87253.0,278338.0,4316,244
7/23/18,53074,88170.0,278458.0,2277,152
7/24/18,69754,117924.0,278651.0,2957,162
7/25/18,42988,66587.0,278742.0,1474,124
7/26/18,71065,122885.0,278874.0,3321,252
7/27/18,49224,82987.0,278993.0,2526,251
7/28/18,61543,129505.0,279147.0,7004,361
7/29/18,63472,137343.0,279321.0,7244,250
7/30/18,69512,123639.0,279509.0,3490,333
7/31/18,76253,134233.0,279702.0,3637,246
8/1/18,64467,106881.0,279888.0,2673,185
8/2/18,69711,118282.0,280110.0,2998,217
8/3/18,61962,105765.0,280279.0,3145,247
8/4/18,51200,104541.0,280498.0,5352,198
8/5/18,58379,122656.0,280721.0,6289,309
8/6/18,65686,112585.0,280922.0,3022,281
8/7/18,64351,106678.0,281097.0,2640,201
8/8/18,70577,120473.0,281275.0,2911,267
8/9/18,71976,124150.0,281441.0,3379,238
8/10/18,69617,123534.0,281572.0,4266,280
8/11/18,36607,69505.0,281689.0,2994,141
8/12/18,59834,125265.0,281881.0,6407,281
8/13/18,44273,70501.0,281991.0,1563,82
8/14/18,63733,107144.0,282169.0,2592,211
8/15/18,73124,128453.0,282317.0,3565,266
8/16/18,70825,123444.0,282471.0,3511,276
8/17/18,63316,109405.0,282583.0,3563,232
8/18/18,57284,125508.0,282795.0,6672,351
8/19/18,45874,86651.0,282943.0,3926,155
8/20/18,67589,118793.0,283162.0,3312,224
8/21/18,75214,132261.0,283358.0,3683,257
8/22/18,72614,125978.0,283543.0,3366,225
8/23/18,73877,130310.0,283720.0,3975,331
8/24/18,72894,132952.0,283884.0,4794,320
8/25/18,64683,140537.0,284066.0,7535,345
8/26/18,60954,132223.0,284268.0,6928,302
8/27/18,67630,116967.0,284457.0,3350,242
8/28/18,66638,110486.0,284667.0,2814,150
8/29/18,65903,107006.0,284791.0,2766,171
8/30/18,67900,113385.0,284938.0,3218,164
8/31/18,58922,97818.0,285087.0,3186,180
9/1/18,54318,116904.0,285245.0,6711,439
9/2/18,60828,140923.0,285368.0,5562,292
9/3/18,55067,117164.0,285609.0,6239,279
9/4/18,68655,114264.0,285867.0,2793,215
9/5/18,74981,124919.0,286102.0,2934,191
9/6/18,70264,113123.0,286304.0,2678,207
9/7/18,74586,127470.0,286475.0,3523,227
9/8/18,58284,111254.0,286637.0,5442,270
9/9/18,19950,30544.0,286752.0,895,16
9/10/18,23949,32472.0,286847.0,463,26
9/11/18,66552,109380.0,286985.0,2456,193
9/12/18,53241,82748.0,287120.0,1650,115
9/13/18,74054,123401.0,287262.0,2874,197
9/14/18,74330,128288.0,287412.0,3623,298
9/15/18,71185,149524.0,287622.0,7570,353
9/16/18,69515,150281.0,287897.0,7410,270
9/17/18,71340,118809.0,288137.0,2914,162
9/18/18,53077,82768.0,288266.0,1433,74
9/19/18,74372,129089.0,288450.0,3529,290
9/20/18,76803,129385.0,288599.0,3130,235
9/21/18,74940,128273.0,288719.0,3677,224
9/22/18,69133,142121.0,289160.0,7511,298
9/23/18,55494,104944.0,289370.0,4716,184
9/24/18,71631,115888.0,289524.0,2615,289
9/25/18,25430,35795.0,289591.0,506,65
9/26/18,68007,110772.0,289698.0,2423,296
9/27/18,75370,126480.0,289829.0,3044,399
9/28/18,57230,90249.0,289911.0,1986,296
9/29/18,69321,145920.0,290170.0,6960,906
9/30/18,66224,139423.0,290467.0,6367,675
10/1/18,71387,120257.0,290631.0,2618,307
10/2/18,73113,122234.0,290788.0,2666,195
10/3/18,76769,129720.0,290947.0,3141,199
10/4/18,70698,116337.0,291073.0,2838,222
10/5/18,74744,129597.0,291166.0,3979,254
10/6/18,57599,110421.0,291298.0,5658,310
10/7/18,60753,127033.0,291425.0,6936,277
10/8/18,58256,95097.0,291549.0,2865,121
10/9/18,74251,123973.0,291672.0,2846,207
10/10/18,77317,132255.0,291765.0,3115,202
10/11/18,46862,70173.0,291862.0,1323,59
10/12/18,67686,113055.0,291962.0,3453,255
10/13/18,54747,100652.0,292029.0,2430,125
10/14/18,54297,103697.0,292158.0,4805,204
10/15/18,59181,92219.0,292262.0,1958,95
10/16/18,66661,104171.0,292370.0,2200,158
10/17/18,67868,107762.0,292469.0,2341,134
10/18/18,61668,94356.0,292519.0,1969,143
10/19/18,64735,105730.0,292604.0,3012,192
10/20/18,56281,109142.0,292711.0,5644,309
10/21/18,39192,64764.0,292811.0,2488,100
10/22/18,57919,88293.0,292899.0,1721,133
10/23/18,68086,110293.0,292992.0,2356,181
10/24/18,64203,98615.0,293077.0,1942,97
10/25/18,61637,95827.0,293309.0,2003,146
10/26/18,59861,92569.0,293508.0,2292,131
10/27/18,13124,17949.0,293542.0,333,11
10/28/18,42502,74540.0,293611.0,3134,154
10/29/18,60028,92882.0,293722.0,1853,156
10/30/18,65545,102834.0,293819.0,1957,141
10/31/18,68447,114039.0,294007.0,2544,225
11/1/18,74260,128502.0,294111.0,3288,245
11/2/18,63746,105906.0,294186.0,2817,237
11/3/18,49127,89639.0,294256.0,4200,199
11/4/18,50713,98021.0,294329.0,5107,99
11/5/18,33345,47328.0,294396.0,776,31
11/6/18,40271,56313.0,294442.0,1186,29
11/7/18,67925,112354.0,294527.0,2590,189
11/8/18,64441,103621.0,294595.0,2191,146
11/9/18,36952,54282.0,294647.0,1064,63
11/10/18,37809,63740.0,294689.0,2649,132
11/11/18,36612,64197.0,294744.0,2763,78
11/12/18,51341,79338.0,294792.0,1707,79
11/13/18,36957,52453.0,294838.0,751,27
11/14/18,49621,70932.0,294882.0,935,30
11/15/18,24948,35594.0,294900.0,407,24
11/16/18,34447,49576.0,294915.0,761,48
11/17/18,37974,61206.0,294951.0,2257,56
11/18/18,34390,55093.0,294988.0,1916,45
11/19/18,54540,83935.0,295037.0,1522,84
11/20/18,51910,75746.0,295070.0,1259,37
11/21/18,40417,58441.0,295112.0,1050,39
11/22/18,8798,12626.0,295200.0,369,20
11/23/18,16107,23143.0,295439.0,597,26
11/24/18,20087,32011.0,295530.0,1137,41
11/25/18,34519,60831.0,295688.0,2521,36
11/26/18,29189,42333.0,296251.0,499,18
11/27/18,49979,74556.0,296351.0,802,31
11/28/18,48433,69352.0,296405.0,777,29
11/29/18,51468,76715.0,296452.0,1054,51
11/30/18,46001,67098.0,296497.0,1065,47
12/1/18,37989,62304.0,296553.0,2256,37
12/2/18,18418,26501.0,296584.0,554,11
12/3/18,53974,85524.0,296664.0,1308,62
12/4/18,49058,71843.0,296708.0,867,27
12/5/18,46779,67536.0,296753.0,814,38
12/6/18,46543,66885.0,296798.0,910,40
12/7/18,43841,63353.0,296843.0,948,52
12/8/18,29909,44552.0,296867.0,1271,46
12/9/18,27547,40886.0,296897.0,1064,23
12/10/18,43358,62699.0,296938.0,762,25
12/11/18,47335,68321.0,296974.0,823,20
12/12/18,47717,68600.0,297005.0,748,28
12/13/18,40736,57295.0,297042.0,593,14
12/14/18,44775,66633.0,297078.0,1137,44
12/15/18,36423,57244.0,297119.0,1902,45
12/16/18,9835,13599.0,297131.0,203,4
12/17/18,45382,66449.0,297173.0,909,32
12/18/18,41703,58360.0,297205.0,656,22
12/19/18,44096,63165.0,297238.0,877,22
12/20/18,34026,48713.0,297269.0,751,20
12/21/18,23996,34450.0,297290.0,481,24
12/22/18,24870,36653.0,297327.0,1088,25
12/23/18,22230,35921.0,297355.0,1298,37
12/24/18,18990,27246.0,297387.0,681,18
12/25/18,11177,21483.0,297426.0,1080,38
12/26/18,25358,39176.0,297487.0,1118,49
12/27/18,31169,48943.0,297527.0,1510,51
12/28/18,12039,17576.0,297555.0,334,25
12/29/18,29037,54116.0,297622.0,2677,104
12/30/18,22536,37741.0,297682.0,1562,51
12/31/18,18936,29794.0,297748.0,962,31
